{
    "d41d8cd98f00b204e9800998ecf8427e": {
        "md5": "d41d8cd98f00b204e9800998ecf8427e",
        "text": ""
    },
    "f93a669534d6577aadef2bb5ddb609a2": {
        "md5": "f93a669534d6577aadef2bb5ddb609a2",
        "text": "    asteroid field"
    },
    "a983809b9020f361c50425ef4a64434f": {
        "md5": "a983809b9020f361c50425ef4a64434f",
        "text": "    is 3721 to 1\u201d"
    },
    "5dd0d6cab53a5e2e8d6655772fb824e8": {
        "md5": "5dd0d6cab53a5e2e8d6655772fb824e8",
        "text": "    navigating an"
    },
    "edc1e0909b6c16c98cb546059c896cbe": {
        "md5": "edc1e0909b6c16c98cb546059c896cbe",
        "text": "    \u201cThe odds of"
    },
    "64acbdcd042b407156de25f7effe035b": {
        "md5": "64acbdcd042b407156de25f7effe035b",
        "text": " sec"
    },
    "a6a07a562e91ace7ac5eb936d7d880c1": {
        "md5": "a6a07a562e91ace7ac5eb936d7d880c1",
        "text": "#LOWREZJAM"
    },
    "648c81b9227eb55a21e28c73db10dfcd": {
        "md5": "648c81b9227eb55a21e28c73db10dfcd",
        "text": "2019 in"
    },
    "53175e4cc42bc556fc92a8fd8c3e2680": {
        "md5": "53175e4cc42bc556fc92a8fd8c3e2680",
        "text": "About this game"
    },
    "ed411044bec729e7549f48a1d571cb44": {
        "md5": "ed411044bec729e7549f48a1d571cb44",
        "text": "Adolf Hitler."
    },
    "56a0b9c41a4b5035433c31127e0cede8": {
        "md5": "56a0b9c41a4b5035433c31127e0cede8",
        "text": "Damnit Yupa! While you were dozing off, we just passed through\nan asteroid field!"
    },
    "6563adab71bd3b18c76d2e512a7eea4d": {
        "md5": "6563adab71bd3b18c76d2e512a7eea4d",
        "text": "Damnit Yupa! While you were dozing off, we just passed through an asteroid field!"
    },
    "bc6822a84a3dc9806f12957d2afc5d1a": {
        "md5": "bc6822a84a3dc9806f12957d2afc5d1a",
        "text": "GAME OVER"
    },
    "47b93d0db0931e630b2bf1ff3409be43": {
        "md5": "47b93d0db0931e630b2bf1ff3409be43",
        "text": "Hey Yupa, did you see that?"
    },
    "34787035b397cf91a6d4eb446a3fc49b": {
        "md5": "34787035b397cf91a6d4eb446a3fc49b",
        "text": "Hey gud moaning? Wad happened?"
    },
    "ebeb28ffca05512b908a8c0bd0c9bf6c": {
        "md5": "ebeb28ffca05512b908a8c0bd0c9bf6c",
        "text": "Hey next tam dhere prablem,"
    },
    "09d6630f15ebed1a68325026bef45812": {
        "md5": "09d6630f15ebed1a68325026bef45812",
        "text": "However,"
    },
    "e43f07f9a94ce85ee10f4d963622f989": {
        "md5": "e43f07f9a94ce85ee10f4d963622f989",
        "text": "I can't pick the lock with a "
    },
    "822a7e3fedfcadfb7f90324419a260c3": {
        "md5": "822a7e3fedfcadfb7f90324419a260c3",
        "text": "I failed"
    },
    "c46d08ad9b6623fde2ce51ff04837f61": {
        "md5": "c46d08ad9b6623fde2ce51ff04837f61",
        "text": "I remember."
    },
    "caa160e2155b6093284e3d3d70279841": {
        "md5": "caa160e2155b6093284e3d3d70279841",
        "text": "I was not"
    },
    "0c7d1097742d15cc6dfd787bee670f90": {
        "md5": "0c7d1097742d15cc6dfd787bee670f90",
        "text": "I was sent"
    },
    "c68f6722a6d135b2a2fa2608c4f7842f": {
        "md5": "c68f6722a6d135b2a2fa2608c4f7842f",
        "text": "I was to"
    },
    "2ca8d70baf21b18878843c02a086e46c": {
        "md5": "2ca8d70baf21b18878843c02a086e46c",
        "text": "In "
    },
    "4994a8ffeba4ac3140beb89e8d41f174": {
        "md5": "4994a8ffeba4ac3140beb89e8d41f174",
        "text": "Language"
    },
    "88559a0cfd8250c9d65970cc145c92d4": {
        "md5": "88559a0cfd8250c9d65970cc145c92d4",
        "text": "OFF"
    },
    "90651ebea9a35ec4e018c8157492e17c": {
        "md5": "90651ebea9a35ec4e018c8157492e17c",
        "text": "ON"
    },
    "6345a61cf1b0933f5659e540bceb9a43": {
        "md5": "6345a61cf1b0933f5659e540bceb9a43",
        "text": "Option not yet available"
    },
    "aabc7d8cfc80e561c0d8779b6bafc46e": {
        "md5": "aabc7d8cfc80e561c0d8779b6bafc46e",
        "text": "Retro mode "
    },
    "52ae6d688390fcf301b795bd61d853d8": {
        "md5": "52ae6d688390fcf301b795bd61d853d8",
        "text": "September, then"
    },
    "5cfe614e5c396bb200c83823ef3948f0": {
        "md5": "5cfe614e5c396bb200c83823ef3948f0",
        "text": "Sound "
    },
    "c9aeb81a741f599e701d0ef27bf9381e": {
        "md5": "c9aeb81a741f599e701d0ef27bf9381e",
        "text": "That is the"
    },
    "797d5e4fc29677594bbc843c096073f6": {
        "md5": "797d5e4fc29677594bbc843c096073f6",
        "text": "The first part"
    },
    "99533cfb293594ce16355fa9ed39b664": {
        "md5": "99533cfb293594ce16355fa9ed39b664",
        "text": "There is one"
    },
    "35d69996041584120d9deb9126e40224": {
        "md5": "35d69996041584120d9deb9126e40224",
        "text": "There must be a way to bust this lock, when noone's watching..."
    },
    "2123e1cfd6082543fa244ec5f36536e6": {
        "md5": "2123e1cfd6082543fa244ec5f36536e6",
        "text": "This game is"
    },
    "8a21a15fad560b799f6731d436c1b698": {
        "md5": "8a21a15fad560b799f6731d436c1b698",
        "text": "This is a"
    },
    "4b01801f668b41022b6499bbaa413809": {
        "md5": "4b01801f668b41022b6499bbaa413809",
        "text": "Together,"
    },
    "42d44754b6915783b9a9431102ba4a43": {
        "md5": "42d44754b6915783b9a9431102ba4a43",
        "text": "Use your wits"
    },
    "f336cee1c2b5a59e3b24f9309afc305b": {
        "md5": "f336cee1c2b5a59e3b24f9309afc305b",
        "text": "We just barely avoided collision with a giant asteroid."
    },
    "dba358d690591ee664591135868e0d5d": {
        "md5": "dba358d690591ee664591135868e0d5d",
        "text": "We travelled"
    },
    "8b9a425b6d1299d884639d2b3085f749": {
        "md5": "8b9a425b6d1299d884639d2b3085f749",
        "text": "What?!! You're kidding me!"
    },
    "3b67a67549f3e747d3f0b5e496f2f686": {
        "md5": "3b67a67549f3e747d3f0b5e496f2f686",
        "text": "Why not let Alectra do it? She can dodge asteroids, it's pieca cake!"
    },
    "f46526e4689ebe4d8f1445c6ed9600bf": {
        "md5": "f46526e4689ebe4d8f1445c6ed9600bf",
        "text": "YUPAAA!"
    },
    "8b454043e583fae1a51db35ae3692ab7": {
        "md5": "8b454043e583fae1a51db35ae3692ab7",
        "text": "Ya were drivin da ship?"
    },
    "064f92bddf2662d751f8b187d45edbaa": {
        "md5": "064f92bddf2662d751f8b187d45edbaa",
        "text": "Yupa! Yupa!"
    },
    "f8fb614b4db22d249464377e7b267a0f": {
        "md5": "f8fb614b4db22d249464377e7b267a0f",
        "text": "Yupa, I'm gonna kill you!"
    },
    "d8a5ec57df96102bf33df696ecdeea84": {
        "md5": "d8a5ec57df96102bf33df696ecdeea84",
        "text": "a game released"
    },
    "6e5aaf056ad5c459e66285fd9f1bba4c": {
        "md5": "6e5aaf056ad5c459e66285fd9f1bba4c",
        "text": "adventure. Use"
    },
    "3c5bf4e8ef6986d90b2c52e5f81f11dc": {
        "md5": "3c5bf4e8ef6986d90b2c52e5f81f11dc",
        "text": "an alien"
    },
    "bc1555edae166e864099e13d2b1a65c0": {
        "md5": "bc1555edae166e864099e13d2b1a65c0",
        "text": "and stats that"
    },
    "553ea08ef2d629798177f0fc9c3f5c59": {
        "md5": "553ea08ef2d629798177f0fc9c3f5c59",
        "text": "and stop"
    },
    "3909b1f2fd469400c9dc906446329012": {
        "md5": "3909b1f2fd469400c9dc906446329012",
        "text": "and took"
    },
    "5e08e76c66d9a478cf21e02b91ddf917": {
        "md5": "5e08e76c66d9a478cf21e02b91ddf917",
        "text": "appeared"
    },
    "1a3b120f0835b15f2920d8eea695500f": {
        "md5": "1a3b120f0835b15f2920d8eea695500f",
        "text": "asteroid field"
    },
    "4f7f4961ee5d918f680dedebcceee308": {
        "md5": "4f7f4961ee5d918f680dedebcceee308",
        "text": "asteroid field is 3721 to 1\u201d"
    },
    "dfb9214e0ccc7b4c24ea94b81aef5066": {
        "md5": "dfb9214e0ccc7b4c24ea94b81aef5066",
        "text": "baby named"
    },
    "2e1e054210228ec412627182ffe394b4": {
        "md5": "2e1e054210228ec412627182ffe394b4",
        "text": "by killing"
    },
    "2efe3aed41e21a3e762181ab986904c1": {
        "md5": "2efe3aed41e21a3e762181ab986904c1",
        "text": "capable of"
    },
    "f201b6f98105c6550e8bfffe0b521282": {
        "md5": "f201b6f98105c6550e8bfffe0b521282",
        "text": "dunt try be a heru! Just wak me up!"
    },
    "06620e1fd2cd4058154900e8a1710a74": {
        "md5": "06620e1fd2cd4058154900e8a1710a74",
        "text": "endings to unlock."
    },
    "1b435b62a7a16355b65f67c1fea7aba8": {
        "md5": "1b435b62a7a16355b65f67c1fea7aba8",
        "text": "ever since."
    },
    "d55669822f1a8cf72ec1911e462a54eb": {
        "md5": "d55669822f1a8cf72ec1911e462a54eb",
        "text": "for"
    },
    "8664dac57f082d199f9b53afde9c755a": {
        "md5": "8664dac57f082d199f9b53afde9c755a",
        "text": "have an inventory"
    },
    "52d8d6501a9f0441ce655007714ef51e": {
        "md5": "52d8d6501a9f0441ce655007714ef51e",
        "text": "him on a"
    },
    "451f04fc2ccef6f51c1ada8a728b14d3": {
        "md5": "451f04fc2ccef6f51c1ada8a728b14d3",
        "text": "in Jan 2019."
    },
    "44c34b7805354e591c100e3b6ff8b238": {
        "md5": "44c34b7805354e591c100e3b6ff8b238",
        "text": "in time to"
    },
    "10fc94c13f3398f52af9ad5933e5062f": {
        "md5": "10fc94c13f3398f52af9ad5933e5062f",
        "text": "interact with"
    },
    "4b5f67895b7b6dc73513f18765a7dbd2": {
        "md5": "4b5f67895b7b6dc73513f18765a7dbd2",
        "text": "is 3721 to 1\u201d"
    },
    "c6af029debb0b6b7bd39af4bfba764e2": {
        "md5": "c6af029debb0b6b7bd39af4bfba764e2",
        "text": "it was iterated"
    },
    "8108863406af242e456bd755ca9b58ea": {
        "md5": "8108863406af242e456bd755ca9b58ea",
        "text": "items and pick"
    },
    "b7fa20b03588266c360a5e7065cfc6c3": {
        "md5": "b7fa20b03588266c360a5e7065cfc6c3",
        "text": "last thing"
    },
    "1161660eca3c71192bf06ce694a5cbb3": {
        "md5": "1161660eca3c71192bf06ce694a5cbb3",
        "text": "main ending and"
    },
    "c92297f3cc7ecdc86218940178f4cd4a": {
        "md5": "c92297f3cc7ecdc86218940178f4cd4a",
        "text": "named Yupa,"
    },
    "b314c8dd75c8ccd293cad08a07c8859d": {
        "md5": "b314c8dd75c8ccd293cad08a07c8859d",
        "text": "navigating an"
    },
    "aef4ec110fd0b8477ce2818170d22409": {
        "md5": "aef4ec110fd0b8477ce2818170d22409",
        "text": "of this game"
    },
    "0a6c3ab67fc77f2e751fc3d467f39bb5": {
        "md5": "0a6c3ab67fc77f2e751fc3d467f39bb5",
        "text": "on a mission:"
    },
    "463d34fc8e4e07b63ccc2f31bdaffe3a": {
        "md5": "463d34fc8e4e07b63ccc2f31bdaffe3a",
        "text": "on."
    },
    "d609844dab949ddedbc7cf7ef22deb16": {
        "md5": "d609844dab949ddedbc7cf7ef22deb16",
        "text": "out of nowhere."
    },
    "7f8a824c57cd13604ba48b8986048802": {
        "md5": "7f8a824c57cd13604ba48b8986048802",
        "text": "point-and-click"
    },
    "7b49993fa97555a00841cc95bee6bf70": {
        "md5": "7b49993fa97555a00841cc95bee6bf70",
        "text": "shooting"
    },
    "b2dbd469e435d5d30442b98c8d3d8265": {
        "md5": "b2dbd469e435d5d30442b98c8d3d8265",
        "text": "spaceship."
    },
    "9b538098f91b37f65596715915fec606": {
        "md5": "9b538098f91b37f65596715915fec606",
        "text": "the baby."
    },
    "fc26fc476eebd52e8a93b49fe5ed9f97": {
        "md5": "fc26fc476eebd52e8a93b49fe5ed9f97",
        "text": "the cursor to"
    },
    "61a68d9d3ec397a18b723acfef91752d": {
        "md5": "61a68d9d3ec397a18b723acfef91752d",
        "text": "the holocaust"
    },
    "fbd641025fbed7027a82bf26290c1f56": {
        "md5": "fbd641025fbed7027a82bf26290c1f56",
        "text": "the mission."
    },
    "48ab603051c1f85fa849817f0a179961": {
        "md5": "48ab603051c1f85fa849817f0a179961",
        "text": "the newborn"
    },
    "68baf841f21747e5729364b2665305c3": {
        "md5": "68baf841f21747e5729364b2665305c3",
        "text": "the sequel to"
    },
    "2f02711df2963282730338e8a415db6b": {
        "md5": "2f02711df2963282730338e8a415db6b",
        "text": "the universe"
    },
    "fd3e1377b5f494c2cafbcf8eec29b533": {
        "md5": "fd3e1377b5f494c2cafbcf8eec29b533",
        "text": "them up. You"
    },
    "8eeeb7dc3eb21aeea9167c9ce43372c3": {
        "md5": "8eeeb7dc3eb21aeea9167c9ce43372c3",
        "text": "three alternate"
    },
    "feb5a739d6fd794ecaf6890aa1548d19": {
        "md5": "feb5a739d6fd794ecaf6890aa1548d19",
        "text": "to solve puzzles."
    },
    "d2fc0559021667f7bd93e62203c87e7c": {
        "md5": "d2fc0559021667f7bd93e62203c87e7c",
        "text": "travel back"
    },
    "07379d4188dca4a8a7762563a67ccaf0": {
        "md5": "07379d4188dca4a8a7762563a67ccaf0",
        "text": "was released"
    },
    "cb8434e5caea2a2654c9de4bda34fb75": {
        "md5": "cb8434e5caea2a2654c9de4bda34fb75",
        "text": "we kidnapped"
    },
    "467e7a3d1a2773dc2e629739e74abc71": {
        "md5": "467e7a3d1a2773dc2e629739e74abc71",
        "text": "you can increase."
    },
    "c0e35210920e89d5525437869a0e288d": {
        "md5": "c0e35210920e89d5525437869a0e288d",
        "text": "\u201cKill Baby Hitler\u201d"
    },
    "0230ac61e25b791602eed7b33257315f": {
        "md5": "0230ac61e25b791602eed7b33257315f",
        "text": "\u201cThe odds of"
    },
    "156fd933ac59fc21c82c1fcd27832044": {
        "md5": "156fd933ac59fc21c82c1fcd27832044",
        "text": "\u201cThe odds of navigating an"
    },
    "6246a174dc1639948a14132a03ab6ed4": {
        "md5": "6246a174dc1639948a14132a03ab6ed4",
        "text": "I bet that's Dick Ruber's table.",
        "timestamp": "2020-01-09T02:29:59Z"
    },
    "a8634081ea41bfa809a86b9ee06a4ff8": {
        "md5": "a8634081ea41bfa809a86b9ee06a4ff8",
        "text": "You're blocking my light.",
        "timestamp": "2020-01-09T03:06:41Z"
    },
    "92b4257942a8b8c2b03bcd929c9ff01c": {
        "md5": "92b4257942a8b8c2b03bcd929c9ff01c",
        "text": "Are you game?",
        "timestamp": "2020-01-09T03:06:44Z"
    },
    "140208bb60fc3f70eabd068701030425": {
        "md5": "140208bb60fc3f70eabd068701030425",
        "text": "Sorry",
        "timestamp": "2020-01-09T03:06:44Z"
    },
    "a2193c82a3b482cfffa055832fc99cfe": {
        "md5": "a2193c82a3b482cfffa055832fc99cfe",
        "text": "We need to talk",
        "timestamp": "2020-01-09T03:06:44Z"
    },
    "b1a3e57c550c0c84efd1395de6d8f690": {
        "md5": "b1a3e57c550c0c84efd1395de6d8f690",
        "text": "I challenge you to a card game.",
        "timestamp": "2020-01-09T03:07:34Z"
    },
    "26b58f2bcab49925583ce4d2ea445002": {
        "md5": "26b58f2bcab49925583ce4d2ea445002",
        "text": "Are you man enough to face me?",
        "timestamp": "2020-01-09T03:07:43Z"
    },
    "0557fa923dcee4d0f86b1409f5c2167f": {
        "md5": "0557fa923dcee4d0f86b1409f5c2167f",
        "text": "Back",
        "timestamp": "2020-01-09T03:11:26Z"
    },
    "33c14135673d4aee12da6e12f1d35ce8": {
        "md5": "33c14135673d4aee12da6e12f1d35ce8",
        "text": "But if the stakes are high.",
        "timestamp": "2020-01-09T03:16:42Z"
    },
    "b52eb6354e4bb9f9d202a4461cfb36ab": {
        "md5": "b52eb6354e4bb9f9d202a4461cfb36ab",
        "text": "I'd like to talk to you",
        "timestamp": "2020-01-09T03:17:15Z"
    },
    "a23025d58411bd12b7205c6002b32b3f": {
        "md5": "a23025d58411bd12b7205c6002b32b3f",
        "text": "Can't you see I'm busy?",
        "timestamp": "2020-01-09T03:17:19Z"
    },
    "c47f41bec5d3c9ce6793108ea4a593c1": {
        "md5": "c47f41bec5d3c9ce6793108ea4a593c1",
        "text": "Get lost.",
        "timestamp": "2020-01-09T03:17:24Z"
    },
    "1009d8ba842862caf922aca0607d1498": {
        "md5": "1009d8ba842862caf922aca0607d1498",
        "text": "I don't waste my time with\nmicrobes like you.",
        "timestamp": "2020-01-09T03:17:38Z"
    },
    "8ae04ff5c70ad150524e6a19d7580808": {
        "md5": "8ae04ff5c70ad150524e6a19d7580808",
        "text": "Perhaps I could be interested.",
        "timestamp": "2020-01-09T03:17:47Z"
    },
    "a12c8d578e79325d9315e6a2b4c2bb0d": {
        "md5": "a12c8d578e79325d9315e6a2b4c2bb0d",
        "text": "Baby Hitler",
        "timestamp": "2020-01-09T03:17:50Z"
    },
    "17f956b3682068879cc1aec7576f0874": {
        "md5": "17f956b3682068879cc1aec7576f0874",
        "text": "Nevermind",
        "timestamp": "2020-01-09T03:17:50Z"
    },
    "7864f6d9b0afa01330a551d16374a9d4": {
        "md5": "7864f6d9b0afa01330a551d16374a9d4",
        "text": "Practice game",
        "timestamp": "2020-01-09T03:17:50Z"
    },
    "c4c4add42dc3b8932e8bc7ef9fcfcb58": {
        "md5": "c4c4add42dc3b8932e8bc7ef9fcfcb58",
        "text": "I know you are holding Baby Hitler.",
        "timestamp": "2020-01-09T03:17:52Z"
    },
    "0e964ac598fa2803fcaf06035c3f5cda": {
        "md5": "0e964ac598fa2803fcaf06035c3f5cda",
        "text": "If I win the game, you let the kid go.",
        "timestamp": "2020-01-09T03:17:56Z"
    },
    "44c0e925829258211d1991db69aa5689": {
        "md5": "44c0e925829258211d1991db69aa5689",
        "text": "You're doing all this...",
        "timestamp": "2020-01-09T03:18:01Z"
    },
    "c08e16afdc77cbdfb0c7669c15bff231": {
        "md5": "c08e16afdc77cbdfb0c7669c15bff231",
        "text": "for Baby Hitler?!",
        "timestamp": "2020-01-09T03:18:04Z"
    },
    "bafd7322c6e97d25b6299b5d6fe8920b": {
        "md5": "bafd7322c6e97d25b6299b5d6fe8920b",
        "text": "No",
        "timestamp": "2020-01-09T03:18:11Z"
    },
    "93cba07454f06a4a960172bbd6e2a435": {
        "md5": "93cba07454f06a4a960172bbd6e2a435",
        "text": "Yes",
        "timestamp": "2020-01-09T03:18:11Z"
    },
    "bd58ac17c6cfe8b0c93608ec4d64274a": {
        "md5": "bd58ac17c6cfe8b0c93608ec4d64274a",
        "text": "That's right!",
        "timestamp": "2020-01-09T03:18:13Z"
    },
    "a7f3d1319e8d4de373d91c20bfa706ee": {
        "md5": "a7f3d1319e8d4de373d91c20bfa706ee",
        "text": "I'm doing this for Baby Hitler!",
        "timestamp": "2020-01-09T03:18:15Z"
    },
    "6368eeb98a830d1bd65c542b14a4f568": {
        "md5": "6368eeb98a830d1bd65c542b14a4f568",
        "text": "What are you waiting for kid!",
        "timestamp": "2020-01-09T03:18:24Z"
    },
    "541dad0d029850ed9e68fe9e871aa764": {
        "md5": "541dad0d029850ed9e68fe9e871aa764",
        "text": "Go grab me a beer, right now!",
        "timestamp": "2020-01-09T03:18:28Z"
    },
    "a3071f2d3d1a190e17618ff156481b13": {
        "md5": "a3071f2d3d1a190e17618ff156481b13",
        "text": "And if you spill a drop like last time, I'll kick you in the nutz!",
        "timestamp": "2020-01-09T03:18:31Z"
    },
    "4e470536aa494955792e8e5af72efa94": {
        "md5": "4e470536aa494955792e8e5af72efa94",
        "text": "Yes, boss!",
        "timestamp": "2020-01-09T03:18:38Z"
    },
    "237b480101d6308fb9f8658189039cbb": {
        "md5": "237b480101d6308fb9f8658189039cbb",
        "text": "Right away boss!",
        "timestamp": "2020-01-09T03:18:40Z"
    },
    "3c1698b50cd891b75d64953ccc678351": {
        "md5": "3c1698b50cd891b75d64953ccc678351",
        "text": "I like to have a drink when I play someone.",
        "timestamp": "2020-01-09T03:18:43Z"
    },
    "16ee6861c3eb8880bd256f07284f5e19": {
        "md5": "16ee6861c3eb8880bd256f07284f5e19",
        "text": "It means you accept my\nchallenge.",
        "timestamp": "2020-01-09T03:18:48Z"
    },
    "6b8e8db14c5bed2503a165347728e811": {
        "md5": "6b8e8db14c5bed2503a165347728e811",
        "text": "You're going to play cards with me!",
        "timestamp": "2020-01-09T03:18:52Z"
    },
    "261cce6d7ca081ed9eb95327937c9f32": {
        "md5": "261cce6d7ca081ed9eb95327937c9f32",
        "text": "Well that depends...",
        "timestamp": "2020-01-09T03:18:56Z"
    },
    "aa7ea304b0cde20241975fdd3f7df941": {
        "md5": "aa7ea304b0cde20241975fdd3f7df941",
        "text": "If you win, you can take your boy, or whoever you want...",
        "timestamp": "2020-01-09T03:18:59Z"
    },
    "14b3e8b7e065540e79c88fe56ca5e068": {
        "md5": "14b3e8b7e065540e79c88fe56ca5e068",
        "text": "Now if I win,",
        "timestamp": "2020-01-09T03:19:05Z"
    },
    "4763a4997eacea897e5ed623c328fce1": {
        "md5": "4763a4997eacea897e5ed623c328fce1",
        "text": "I get to take your life!",
        "timestamp": "2020-01-09T03:19:07Z"
    },
    "280606a129d5fbb2963f6713c7830739": {
        "md5": "280606a129d5fbb2963f6713c7830739",
        "text": "Do we have a deal?",
        "timestamp": "2020-01-09T03:19:10Z"
    },
    "1d270da400f5a940d2b4f6aeeaf9d39f": {
        "md5": "1d270da400f5a940d2b4f6aeeaf9d39f",
        "text": "Deal!",
        "timestamp": "2020-01-09T03:19:13Z"
    },
    "f862640fb79fe85573bbb00873ec0802": {
        "md5": "f862640fb79fe85573bbb00873ec0802",
        "text": "I gotta pee",
        "timestamp": "2020-01-09T03:19:13Z"
    },
    "e004ba77522d640e0aba4a82c8415600": {
        "md5": "e004ba77522d640e0aba4a82c8415600",
        "text": "No deal!",
        "timestamp": "2020-01-09T03:19:13Z"
    },
    "d063275c71c5f8bf92cca23e3c1565a0": {
        "md5": "d063275c71c5f8bf92cca23e3c1565a0",
        "text": "Alright let's begin...",
        "timestamp": "2020-01-09T03:19:24Z"
    },
    "fc85ca6764152c33d14c3e1ff1097a2c": {
        "md5": "fc85ca6764152c33d14c3e1ff1097a2c",
        "text": "We are going to play one of my favorite card game",
        "timestamp": "2020-01-09T03:19:29Z"
    },
    "ab975a071be7e2f347d1f11c97ef8171": {
        "md5": "ab975a071be7e2f347d1f11c97ef8171",
        "text": "It is called ...",
        "timestamp": "2020-01-09T03:19:34Z"
    },
    "b01489b20c7403e93a61cd3daca1bdb1": {
        "md5": "b01489b20c7403e93a61cd3daca1bdb1",
        "text": "WAR",
        "timestamp": "2020-01-09T03:19:37Z"
    },
    "8182483318de4fdbef7a981c90392835": {
        "md5": "8182483318de4fdbef7a981c90392835",
        "text": "This is how the game plays out.",
        "timestamp": "2020-01-09T03:19:39Z"
    },
    "017a9fccb6981cd180a3a6034c98c116": {
        "md5": "017a9fccb6981cd180a3a6034c98c116",
        "text": "You get a card, and I get a card.",
        "timestamp": "2020-01-09T03:19:42Z"
    },
    "e33b0612c7d9c0025f833502d337cfc7": {
        "md5": "e33b0612c7d9c0025f833502d337cfc7",
        "text": "The highest card wins!",
        "timestamp": "2020-01-09T03:19:46Z"
    },
    "41b79d45b1b151d14c7636090374e0fb": {
        "md5": "41b79d45b1b151d14c7636090374e0fb",
        "text": "And equal cards?",
        "timestamp": "2020-01-09T03:19:49Z"
    },
    "88d4a02fcf568e1e24130972a76f76fc": {
        "md5": "88d4a02fcf568e1e24130972a76f76fc",
        "text": "Let's play",
        "timestamp": "2020-01-09T03:19:49Z"
    },
    "137978b79ad7bc0a089863dedd6488e9": {
        "md5": "137978b79ad7bc0a089863dedd6488e9",
        "text": "That's it?",
        "timestamp": "2020-01-09T03:19:49Z"
    },
    "cc1657ab118da6109d72a1966ee6a52d": {
        "md5": "cc1657ab118da6109d72a1966ee6a52d",
        "text": "Why War?",
        "timestamp": "2020-01-09T03:19:49Z"
    },
    "20b9f322081cde1dff96290ca9ec3703": {
        "md5": "20b9f322081cde1dff96290ca9ec3703",
        "text": "That's it? We're playing War?",
        "timestamp": "2020-01-09T03:19:51Z"
    },
    "f0ac31b29c1f8680a8da6467af377e93": {
        "md5": "f0ac31b29c1f8680a8da6467af377e93",
        "text": "That's just a game of luck.",
        "timestamp": "2020-01-09T03:19:57Z"
    },
    "7aacee9d5483fd235d27982d162b69f1": {
        "md5": "7aacee9d5483fd235d27982d162b69f1",
        "text": "Are you having second thoughts now?",
        "timestamp": "2020-01-09T03:20:12Z"
    },
    "5140d8cc4a5cd9bc293a3e307a24a9cd": {
        "md5": "5140d8cc4a5cd9bc293a3e307a24a9cd",
        "text": "chicken ....",
        "timestamp": "2020-01-09T03:20:16Z"
    },
    "8cf326b7636b9d4b4c18ad3658562a9e": {
        "md5": "8cf326b7636b9d4b4c18ad3658562a9e",
        "text": "Let's go, I'm ready to play!",
        "timestamp": "2020-01-09T03:20:23Z"
    },
    "a903cc20f6975a9b110a8ee65409d7ce": {
        "md5": "a903cc20f6975a9b110a8ee65409d7ce",
        "text": "Ok, then. For fairness,",
        "timestamp": "2020-01-09T03:20:26Z"
    },
    "08b43519a7e36ee4c6c5615d1663bcfd": {
        "md5": "08b43519a7e36ee4c6c5615d1663bcfd",
        "text": "skip",
        "timestamp": "2020-01-09T17:06:30Z"
    },
    "b06ab87402a9c8714da3d4e439b3b912": {
        "md5": "b06ab87402a9c8714da3d4e439b3b912",
        "text": "I'm a",
        "timestamp": "2020-01-09T17:06:31Z"
    },
    "27ade1b64f9515dbb776cc3cc5bc3377": {
        "md5": "27ade1b64f9515dbb776cc3cc5bc3377",
        "text": "professional",
        "timestamp": "2020-01-09T17:06:32Z"
    },
    "98ce0beb1f55794e72f706e06197d34a": {
        "md5": "98ce0beb1f55794e72f706e06197d34a",
        "text": "hitman.",
        "timestamp": "2020-01-09T17:06:34Z"
    },
    "75f99464037186cd5506c6405dad801b": {
        "md5": "75f99464037186cd5506c6405dad801b",
        "text": "My brain... it hurts...",
        "timestamp": "2020-01-09T17:06:38Z"
    },
    "6716ee4ad8b40a7b9de5d7454b5128c8": {
        "md5": "6716ee4ad8b40a7b9de5d7454b5128c8",
        "text": "And my body is filled with bruises...",
        "timestamp": "2020-01-09T17:06:40Z"
    },
    "3f0dc8030c3fc1c92c5af745e233be6c": {
        "md5": "3f0dc8030c3fc1c92c5af745e233be6c",
        "text": "What happened? I don't\nremember\nanything.",
        "timestamp": "2020-01-09T17:06:41Z"
    },
    "f9782e2ed8a9f9455b3af8010b2e9158": {
        "md5": "f9782e2ed8a9f9455b3af8010b2e9158",
        "text": "Where am I?",
        "timestamp": "2020-01-09T17:06:43Z"
    },
    "5acc7b7c1c62cad0e669e1a632c551c5": {
        "md5": "5acc7b7c1c62cad0e669e1a632c551c5",
        "text": "Hey, it looks like I carved a birthday cake on the wall.",
        "timestamp": "2020-01-09T17:06:51Z"
    },
    "8d6cab4c6515d55c1e75c36b1b6c7ab3": {
        "md5": "8d6cab4c6515d55c1e75c36b1b6c7ab3",
        "text": "I can't remember but could it be... it's my BIRTHDAY?!",
        "timestamp": "2020-01-09T17:06:57Z"
    },
    "8b1a9953c4611296a827abf8c47804d7": {
        "md5": "8b1a9953c4611296a827abf8c47804d7",
        "text": "Hello",
        "timestamp": "2020-01-09T17:07:05Z"
    },
    "e0f9ef6d3025baf33497bafcca7ff781": {
        "md5": "e0f9ef6d3025baf33497bafcca7ff781",
        "text": "LEAVE",
        "timestamp": "2020-01-09T17:07:05Z"
    },
    "334676f2a83a4681e707307b44f1246c": {
        "md5": "334676f2a83a4681e707307b44f1246c",
        "text": "My birthday!",
        "timestamp": "2020-01-09T17:07:05Z"
    },
    "4a6ffbebe8d1de6a27368ba05ac6f141": {
        "md5": "4a6ffbebe8d1de6a27368ba05ac6f141",
        "text": "... did he\nunderstand? ...",
        "timestamp": "2020-01-09T17:07:06Z"
    },
    "d47c61e8f2bef99965d84cf904ebd64b": {
        "md5": "d47c61e8f2bef99965d84cf904ebd64b",
        "text": "Wait... why did he just leave?",
        "timestamp": "2020-01-09T17:07:12Z"
    },
    "45c1e3b8e742eaea346be414d2b409d8": {
        "md5": "45c1e3b8e742eaea346be414d2b409d8",
        "text": "That's odd.",
        "timestamp": "2020-01-09T17:07:13Z"
    },
    "6af3599b6bbca262a3132c99241fee7e": {
        "md5": "6af3599b6bbca262a3132c99241fee7e",
        "text": "Maybe he went to get me a birthday cake.",
        "timestamp": "2020-01-09T17:07:14Z"
    },
    "da86109bc176a8e9f60fa11e8b526670": {
        "md5": "da86109bc176a8e9f60fa11e8b526670",
        "text": "Wouldn't that be funny?!?",
        "timestamp": "2020-01-09T17:07:15Z"
    },
    "9b317d0e89e54d5c059dcf9a282f920e": {
        "md5": "9b317d0e89e54d5c059dcf9a282f920e",
        "text": "OMG!",
        "timestamp": "2020-01-09T17:07:19Z"
    },
    "6e55f4a6e5a6e62d6ce9a86d6f4f27eb": {
        "md5": "6e55f4a6e5a6e62d6ce9a86d6f4f27eb",
        "text": "What a surprise, how thoughtful of you!",
        "timestamp": "2020-01-09T17:07:20Z"
    },
    "1ca5b67763a0885d023be46aa0f88bd3": {
        "md5": "1ca5b67763a0885d023be46aa0f88bd3",
        "text": "You really do care about me after all..",
        "timestamp": "2020-01-09T17:07:22Z"
    },
    "b6c7adbc663950516b7fe574a0a8a138": {
        "md5": "b6c7adbc663950516b7fe574a0a8a138",
        "text": "Even in this situation, I'm glad I can laugh with you guys.",
        "timestamp": "2020-01-09T17:07:31Z"
    },
    "fa0e5ecfd2d8d2cb8b377ab354f73b73": {
        "md5": "fa0e5ecfd2d8d2cb8b377ab354f73b73",
        "text": "Hahaha...",
        "timestamp": "2020-01-09T17:07:31Z"
    },
    "867794a2184d1a1b30e681b91ab20e0e": {
        "md5": "867794a2184d1a1b30e681b91ab20e0e",
        "text": "By the way, what's so funny?",
        "timestamp": "2020-01-09T17:07:34Z"
    },
    "23a5027a184582c1f2fe2844805e9b62": {
        "md5": "23a5027a184582c1f2fe2844805e9b62",
        "text": "Ohh my brain... it hurts...",
        "timestamp": "2020-01-09T17:07:55Z"
    },
    "683d16a1ae9591b04cc1ff1524261d05": {
        "md5": "683d16a1ae9591b04cc1ff1524261d05",
        "text": "... now at least, I know how I got those.",
        "timestamp": "2020-01-09T17:07:59Z"
    },
    "040dac940379f0b8a81e38d1887d5eb0": {
        "md5": "040dac940379f0b8a81e38d1887d5eb0",
        "text": "I must find a way out of here.",
        "timestamp": "2020-01-09T17:08:01Z"
    },
    "86309be870649fbf86b376ced7800f30": {
        "md5": "86309be870649fbf86b376ced7800f30",
        "text": "Looks like the only way out",
        "timestamp": "2020-01-09T17:08:02Z"
    },
    "d891be9c3e480ec49dd7efe2e4a95b30": {
        "md5": "d891be9c3e480ec49dd7efe2e4a95b30",
        "text": "Turns out they left a bunch of stuff behind.",
        "timestamp": "2020-01-09T17:08:07Z"
    },
    "e85647a37da2f7113ce5e8316583a2f6": {
        "md5": "e85647a37da2f7113ce5e8316583a2f6",
        "text": "Hum... they took the time to bring me a cake fork...",
        "timestamp": "2020-01-09T17:08:08Z"
    },
    "aee9fabca4f25d574847f62c9bec22fe": {
        "md5": "aee9fabca4f25d574847f62c9bec22fe",
        "text": "I can't lift this tile with my fingers. I need some kind of lever.",
        "timestamp": "2020-01-09T17:08:10Z"
    },
    "f87c5be195f09663783fec1dd0dc506a": {
        "md5": "f87c5be195f09663783fec1dd0dc506a",
        "text": "The most\npathetic part in all of this ... I still want a bite of that cake.",
        "timestamp": "2020-01-09T17:08:14Z"
    },
    "0f421159291e17d1c9f7939e8f6d8441": {
        "md5": "0f421159291e17d1c9f7939e8f6d8441",
        "text": "For the candle on my cake, they actually used a lighter.",
        "timestamp": "2020-01-09T17:08:18Z"
    },
    "778b212dcc3f4d113d3f53f52513be72": {
        "md5": "778b212dcc3f4d113d3f53f52513be72",
        "text": "cake fork",
        "timestamp": "2020-01-09T17:08:23Z"
    },
    "c5c089b8135ae76864a4d5d6e69ee7a6": {
        "md5": "c5c089b8135ae76864a4d5d6e69ee7a6",
        "text": "A loaded gun! Did I hide this in here?",
        "timestamp": "2020-01-09T17:08:26Z"
    },
    "5aa8c1c1a34504833d9a6d8df2560762": {
        "md5": "5aa8c1c1a34504833d9a6d8df2560762",
        "text": "It's empty.",
        "timestamp": "2020-01-09T17:08:29Z"
    },
    "9a35a1b3ec37d71895e7b03e56ecd8ef": {
        "md5": "9a35a1b3ec37d71895e7b03e56ecd8ef",
        "text": "It's ...\nBABY HITLER!",
        "timestamp": "2020-01-09T17:08:31Z"
    },
    "d0eedb799584d850fdd802fd3c27ae34": {
        "md5": "d0eedb799584d850fdd802fd3c27ae34",
        "text": "Hey",
        "timestamp": "2020-01-09T17:17:45Z"
    },
    "361fbdc892cc3335b40ff3fdef4029ff": {
        "md5": "361fbdc892cc3335b40ff3fdef4029ff",
        "text": "empty bottle",
        "timestamp": "2020-01-09T17:18:02Z"
    },
    "6af3a32a75e410d67cba34818f1027ae": {
        "md5": "6af3a32a75e410d67cba34818f1027ae",
        "text": "       noticeable\u201d",
        "timestamp": "2020-01-09T17:18:11Z"
    },
    "1e992c9c43e93bfe98ce05c7c7830d3b": {
        "md5": "1e992c9c43e93bfe98ce05c7c7830d3b",
        "text": "  \u201cThat was too",
        "timestamp": "2020-01-09T17:18:11Z"
    },
    "a1b8585122e1ad60623d6a74d3eb3b6a": {
        "md5": "a1b8585122e1ad60623d6a74d3eb3b6a",
        "text": "cake",
        "timestamp": "2020-01-09T17:20:02Z"
    },
    "6a19bbb52d8327f9149be17eaf420c01": {
        "md5": "6a19bbb52d8327f9149be17eaf420c01",
        "text": "lighter",
        "timestamp": "2020-01-09T17:20:02Z"
    },
    "099af53f601532dbd31e0ea99ffdeb64": {
        "md5": "099af53f601532dbd31e0ea99ffdeb64",
        "text": "delete",
        "timestamp": "2020-01-09T17:20:37Z"
    },
    "ec4d1eb36b22d19728e9d1d23ca84d1c": {
        "md5": "ec4d1eb36b22d19728e9d1d23ca84d1c",
        "text": "load",
        "timestamp": "2020-01-09T17:20:37Z"
    },
    "43781db5c40ecc39fd718685594f0956": {
        "md5": "43781db5c40ecc39fd718685594f0956",
        "text": "save",
        "timestamp": "2020-01-09T17:20:37Z"
    },
    "536a056b710e94b16169efd17a4a657b": {
        "md5": "536a056b710e94b16169efd17a4a657b",
        "text": "saved",
        "timestamp": "2020-01-09T17:20:39Z"
    },
    "115ce50c044ab2c69859d89513e6b772": {
        "md5": "115ce50c044ab2c69859d89513e6b772",
        "text": "+5xp",
        "timestamp": "2020-01-09T17:20:58Z"
    },
    "c054c7efff0653700ee0ea64fcfe04a7": {
        "md5": "c054c7efff0653700ee0ea64fcfe04a7",
        "text": "It does look like water... so far.",
        "timestamp": "2020-01-09T17:21:22Z"
    },
    "96cc5c725ae8f5ccb76056b7d12ed095": {
        "md5": "96cc5c725ae8f5ccb76056b7d12ed095",
        "text": "ATK",
        "timestamp": "2020-01-09T17:21:54Z"
    },
    "822dd494b3e14a82aa76bd455e6b6f4b": {
        "md5": "822dd494b3e14a82aa76bd455e6b6f4b",
        "text": "DEF",
        "timestamp": "2020-01-09T17:21:54Z"
    },
    "644161d5b6f89203e792111e2ff24176": {
        "md5": "644161d5b6f89203e792111e2ff24176",
        "text": "LVL 2",
        "timestamp": "2020-01-09T17:21:54Z"
    },
    "971ab16c6e59a04d070cb8d8da13418e": {
        "md5": "971ab16c6e59a04d070cb8d8da13418e",
        "text": "STA",
        "timestamp": "2020-01-09T17:21:54Z"
    },
    "9b57db6e9d84ba5f537ce97b13079736": {
        "md5": "9b57db6e9d84ba5f537ce97b13079736",
        "text": "XP",
        "timestamp": "2020-01-09T17:21:54Z"
    },
    "e2e9c66ba722c71dfb3e67e2ac271cfa": {
        "md5": "e2e9c66ba722c71dfb3e67e2ac271cfa",
        "text": "coin x2",
        "timestamp": "2020-01-09T17:21:59Z"
    },
    "0230cae7ea521a871c572b5a54372367": {
        "md5": "0230cae7ea521a871c572b5a54372367",
        "text": "Looks like some symbol on that locker.",
        "timestamp": "2020-01-09T17:22:24Z"
    },
    "df3074439fbab7eab7584698c47d4fc0": {
        "md5": "df3074439fbab7eab7584698c47d4fc0",
        "text": "It's the right combination!",
        "timestamp": "2020-01-09T17:22:34Z"
    },
    "884a2381206f5cf56257487cbf6b9886": {
        "md5": "884a2381206f5cf56257487cbf6b9886",
        "text": "Looks like some kind of access card!",
        "timestamp": "2020-01-09T17:22:39Z"
    },
    "08ee28bd1134b20d4283d516101e3e9b": {
        "md5": "08ee28bd1134b20d4283d516101e3e9b",
        "text": "coin x4",
        "timestamp": "2020-01-09T17:23:08Z"
    },
    "1ba01440824138cda4a6279711e981f2": {
        "md5": "1ba01440824138cda4a6279711e981f2",
        "text": "It's locked.",
        "timestamp": "2020-01-09T17:24:53Z"
    },
    "d03dc359b691ddd3f983b85767753680": {
        "md5": "d03dc359b691ddd3f983b85767753680",
        "text": "coin x5",
        "timestamp": "2020-01-09T17:25:18Z"
    },
    "a93531df211c0848e444f928b5340155": {
        "md5": "a93531df211c0848e444f928b5340155",
        "text": "fruit?",
        "timestamp": "2020-01-09T17:25:18Z"
    },
    "6b658f9a02f6bbf9fe81514702b35598": {
        "md5": "6b658f9a02f6bbf9fe81514702b35598",
        "text": "Delicious!",
        "timestamp": "2020-01-09T17:25:20Z"
    },
    "132f671b621c82ee56b683fc20469456": {
        "md5": "132f671b621c82ee56b683fc20469456",
        "text": "Goal!!",
        "timestamp": "2020-01-09T17:25:55Z"
    },
    "2dce8f543e8c072775c2743c7b9854cc": {
        "md5": "2dce8f543e8c072775c2743c7b9854cc",
        "text": "undo",
        "timestamp": "2020-01-09T17:26:49Z"
    },
    "004a02313292afb7876eeca47b5f07c6": {
        "md5": "004a02313292afb7876eeca47b5f07c6",
        "text": "It looks deep.",
        "timestamp": "2020-01-09T17:30:25Z"
    },
    "2027c027133e22c8929e2874dc44dd36": {
        "md5": "2027c027133e22c8929e2874dc44dd36",
        "text": "CANCEL",
        "timestamp": "2020-01-09T17:30:28Z"
    },
    "aade5dd7f0c0e90457bebfe7eb362440": {
        "md5": "aade5dd7f0c0e90457bebfe7eb362440",
        "text": "Jump down",
        "timestamp": "2020-01-09T17:30:28Z"
    },
    "ea2e865634c8167bcbf26f609ab2ec1e": {
        "md5": "ea2e865634c8167bcbf26f609ab2ec1e",
        "text": "The ladder is broken.",
        "timestamp": "2020-01-09T17:33:00Z"
    },
    "563da6a3031ed0ecb6c09e9c96435d06": {
        "md5": "563da6a3031ed0ecb6c09e9c96435d06",
        "text": "          Superman!\u201d",
        "timestamp": "2020-01-09T17:41:13Z"
    },
    "1fc06b64d9b58caa9e321d850b4cce15": {
        "md5": "1fc06b64d9b58caa9e321d850b4cce15",
        "text": "You're no",
        "timestamp": "2020-01-09T17:41:13Z"
    },
    "f19dbf2edb3a0bd74b0524d960ff21eb": {
        "md5": "f19dbf2edb3a0bd74b0524d960ff21eb",
        "text": "Load",
        "timestamp": "2020-01-10T03:10:25Z"
    },
    "620fa59a2936b6e685cfb489591cb20e": {
        "md5": "620fa59a2936b6e685cfb489591cb20e",
        "text": "New Game",
        "timestamp": "2020-01-10T03:10:25Z"
    },
    "dae8ace18bdcbcc6ae5aece263e14fe8": {
        "md5": "dae8ace18bdcbcc6ae5aece263e14fe8",
        "text": "Options",
        "timestamp": "2020-01-10T03:10:25Z"
    },
    "96a9519b8fddd17e8cc4bba0408ffffd": {
        "md5": "96a9519b8fddd17e8cc4bba0408ffffd",
        "text": "coin",
        "timestamp": "2020-01-10T03:14:16Z"
    },
    "b7551cf4684ecaadf367091321f6d84c": {
        "md5": "b7551cf4684ecaadf367091321f6d84c",
        "text": "Darn it! I can do better. I wanna play again",
        "timestamp": "2020-01-10T03:21:00Z"
    },
    "d78eafc34e8c92a224f1fa11890b3f2c": {
        "md5": "d78eafc34e8c92a224f1fa11890b3f2c",
        "text": "Jack Le Hamster",
        "timestamp": "2020-01-11T11:49:59Z"
    },
    "d10dd520737d3bd14019133ab6e5f544": {
        "md5": "d10dd520737d3bd14019133ab6e5f544",
        "text": "Where in Space",
        "timestamp": "2020-01-11T11:49:59Z"
    },
    "e1c718767e78f8a5fd359aefb6d92cf8": {
        "md5": "e1c718767e78f8a5fd359aefb6d92cf8",
        "text": "a game by",
        "timestamp": "2020-01-11T11:49:59Z"
    },
    "653d14937ef87248c0368487ac0035d0": {
        "md5": "653d14937ef87248c0368487ac0035d0",
        "text": "is Baby Hitler?",
        "timestamp": "2020-01-11T11:49:59Z"
    },
    "4ec60616bab0205c7d5e680a39622b81": {
        "md5": "4ec60616bab0205c7d5e680a39622b81",
        "text": "Hitman!",
        "timestamp": "2020-01-11T13:20:16Z"
    },
    "2e712fc56b05dc30f688e2ef3c8721d4": {
        "md5": "2e712fc56b05dc30f688e2ef3c8721d4",
        "text": "Da rest of da gang is caming!",
        "timestamp": "2020-01-11T13:20:18Z"
    },
    "09b2f5fb5a534bfebb90e1876773bff0": {
        "md5": "09b2f5fb5a534bfebb90e1876773bff0",
        "text": "Gat reddy for a big faight!",
        "timestamp": "2020-01-11T13:20:22Z"
    },
    "8613bbfb34d7ef30642448f6f47bc37f": {
        "md5": "8613bbfb34d7ef30642448f6f47bc37f",
        "text": "You stay here!",
        "timestamp": "2020-01-11T13:26:20Z"
    },
    "aae3fb0aea100159e1271e2fce887a57": {
        "md5": "aae3fb0aea100159e1271e2fce887a57",
        "text": "Don't move",
        "timestamp": "2020-01-11T13:26:23Z"
    },
    "a72c54507dbfaf9ea8d07b16c617be31": {
        "md5": "a72c54507dbfaf9ea8d07b16c617be31",
        "text": "I'll protect you",
        "timestamp": "2020-01-11T13:26:23Z"
    },
    "8190d4233340b31e8d163858f8ca63f5": {
        "md5": "8190d4233340b31e8d163858f8ca63f5",
        "text": "We'll take care",
        "timestamp": "2020-01-11T13:26:23Z"
    },
    "4394408fe997dc78c716f56bce31e81c": {
        "md5": "4394408fe997dc78c716f56bce31e81c",
        "text": "I'm here to protect you.",
        "timestamp": "2020-01-11T13:26:27Z"
    },
    "6c65e6c4f2c91342a23701647b1e155f": {
        "md5": "6c65e6c4f2c91342a23701647b1e155f",
        "text": "Don't you worry,\nBaby Hitler.",
        "timestamp": "2020-01-11T13:26:30Z"
    },
    "ef3e9957676a3b096d3282869663a0a2": {
        "md5": "ef3e9957676a3b096d3282869663a0a2",
        "text": "Bring it on!",
        "timestamp": "2020-01-11T14:14:21Z"
    },
    "90fecce3638ce94f91ce40f62a85b737": {
        "md5": "90fecce3638ce94f91ce40f62a85b737",
        "text": "   \u201cIn a shootout,",
        "timestamp": "2020-01-11T14:26:10Z"
    },
    "2c1de952736f5bcfd127473d6513273f": {
        "md5": "2c1de952736f5bcfd127473d6513273f",
        "text": "  quickly.\u201d",
        "timestamp": "2020-01-11T14:26:10Z"
    },
    "de1508d87553228fd4a7fa28aeac2332": {
        "md5": "de1508d87553228fd4a7fa28aeac2332",
        "text": " you gotta draw",
        "timestamp": "2020-01-11T14:26:10Z"
    },
    "b5e3d176291588d205b4969a30516246": {
        "md5": "b5e3d176291588d205b4969a30516246",
        "text": "start over",
        "timestamp": "2020-01-11T14:26:10Z"
    },
    "fd5770e19b0deb705ca98efcfc3b2045": {
        "md5": "fd5770e19b0deb705ca98efcfc3b2045",
        "text": "try again",
        "timestamp": "2020-01-11T14:26:10Z"
    },
    "cee7651b9672ad948a9ea982b563e130": {
        "md5": "cee7651b9672ad948a9ea982b563e130",
        "text": "   barrel.\u201d ",
        "timestamp": "2020-01-11T14:28:48Z"
    },
    "f19f3b87db11c9a9fd87c2de38bf70bb": {
        "md5": "f19f3b87db11c9a9fd87c2de38bf70bb",
        "text": "   on an empty",
        "timestamp": "2020-01-11T14:28:48Z"
    },
    "4bb0315d023674379b41283afd575152": {
        "md5": "4bb0315d023674379b41283afd575152",
        "text": "  \u201cCan't function",
        "timestamp": "2020-01-11T14:28:48Z"
    },
    "3c6e0b8a9c15224a8228b9a98ca1531d": {
        "md5": "3c6e0b8a9c15224a8228b9a98ca1531d",
        "text": "key",
        "timestamp": "2020-01-11T14:29:01Z"
    },
    "a93f537856ae22d490e41efe44a1636f": {
        "md5": "a93f537856ae22d490e41efe44a1636f",
        "text": "water bottle",
        "timestamp": "2020-01-11T14:30:16Z"
    },
    "5ae0c1c8a5260bc7b6648f6fbd115c35": {
        "md5": "5ae0c1c8a5260bc7b6648f6fbd115c35",
        "text": "photo",
        "timestamp": "2020-01-11T14:30:17Z"
    },
    "15bc53c216e7645dcc1a7ae037faa9d8": {
        "md5": "15bc53c216e7645dcc1a7ae037faa9d8",
        "text": "Don't worry.",
        "timestamp": "2020-01-11T14:30:50Z"
    },
    "28240f491460854fe0a265868a00da27": {
        "md5": "28240f491460854fe0a265868a00da27",
        "text": "We will take care of you,\nBaby Hitler.",
        "timestamp": "2020-01-11T14:30:52Z"
    },
    "33a98e7e5080f068bc9006ba12dd481b": {
        "md5": "33a98e7e5080f068bc9006ba12dd481b",
        "text": "Don't go\nanywhere.",
        "timestamp": "2020-01-11T14:32:28Z"
    },
    "b5511fdaeab9d2ffde02bbb91105fa0f": {
        "md5": "b5511fdaeab9d2ffde02bbb91105fa0f",
        "text": "You should stay with us,\nBaby Hitler.",
        "timestamp": "2020-01-11T14:32:30Z"
    },
    "16bfbf9c462762cf1cba4134ec53c504": {
        "md5": "16bfbf9c462762cf1cba4134ec53c504",
        "text": "Loading",
        "timestamp": "2020-01-11T14:37:21Z"
    },
    "d994ac4b133ecf56ebabec0a5f620f91": {
        "md5": "d994ac4b133ecf56ebabec0a5f620f91",
        "text": "dobuki studio game",
        "timestamp": "2020-01-11T14:37:21Z"
    },
    "1c8b28ab16b2b46cf371065826e392fe": {
        "md5": "1c8b28ab16b2b46cf371065826e392fe",
        "text": "access card",
        "timestamp": "2020-01-13T07:30:16Z"
    },
    "e5e40eff370cac2f4d0f4b7ca886846e": {
        "md5": "e5e40eff370cac2f4d0f4b7ca886846e",
        "text": "Oh no",
        "timestamp": "2020-01-13T07:32:40Z"
    },
    "50820ef4c50072be9fa1c2f0406dc075": {
        "md5": "50820ef4c50072be9fa1c2f0406dc075",
        "text": "With this water",
        "timestamp": "2020-01-13T07:32:53Z"
    },
    "2798f2effc8156964a95d0e519095f74": {
        "md5": "2798f2effc8156964a95d0e519095f74",
        "text": "I shall bless you in the after life,",
        "timestamp": "2020-01-13T07:32:56Z"
    },
    "e4230a84c5b197c52e05a3518a9b9845": {
        "md5": "e4230a84c5b197c52e05a3518a9b9845",
        "text": "my dear friend Yupa.",
        "timestamp": "2020-01-13T07:33:00Z"
    },
    "d53c701fce907b51502b1e32860e078c": {
        "md5": "d53c701fce907b51502b1e32860e078c",
        "text": "Well that's odd. He's kinda moving... It's like he is...",
        "timestamp": "2020-01-13T07:33:05Z"
    },
    "93590c26099c0220779897cb0c9a69ed": {
        "md5": "93590c26099c0220779897cb0c9a69ed",
        "text": "Wait a minute! Is he still alive?!!",
        "timestamp": "2020-01-13T07:33:11Z"
    },
    "f0e625801f6aec4f8ca3f0e98e98c030": {
        "md5": "f0e625801f6aec4f8ca3f0e98e98c030",
        "text": "I must pour more water on him. Quick!",
        "timestamp": "2020-01-13T07:33:15Z"
    },
    "039a78c91c5e9018be7f0c0019625be7": {
        "md5": "039a78c91c5e9018be7f0c0019625be7",
        "text": "I hope this helps!",
        "timestamp": "2020-01-13T07:34:02Z"
    },
    "91879176f39a6fb201d76ce51e03a63b": {
        "md5": "91879176f39a6fb201d76ce51e03a63b",
        "text": "Hello Yupa!",
        "timestamp": "2020-01-13T07:34:13Z"
    },
    "f23e9d571f7b8b73515574426a91707a": {
        "md5": "f23e9d571f7b8b73515574426a91707a",
        "text": "Who ar yoouu?",
        "timestamp": "2020-01-13T07:34:14Z"
    },
    "8e0d2fcc3eeeeaf111f31561941df4cd": {
        "md5": "8e0d2fcc3eeeeaf111f31561941df4cd",
        "text": "It's me...",
        "timestamp": "2020-01-13T07:34:16Z"
    },
    "a90174be08159a5c35e16e392d849e92": {
        "md5": "a90174be08159a5c35e16e392d849e92",
        "text": "You're alive!",
        "timestamp": "2020-01-13T07:34:16Z"
    },
    "cd7d13ceea728b08555f7c818cfb13ef": {
        "md5": "cd7d13ceea728b08555f7c818cfb13ef",
        "text": "Backspace",
        "timestamp": "2020-01-13T07:34:18Z"
    },
    "70d9be9b139893aa6c69b5e77e614311": {
        "md5": "70d9be9b139893aa6c69b5e77e614311",
        "text": "Confirm",
        "timestamp": "2020-01-13T07:34:18Z"
    },
    "09e9827a62eb81e3ae7556465ce8a3e5": {
        "md5": "09e9827a62eb81e3ae7556465ce8a3e5",
        "text": "Hitman",
        "timestamp": "2020-01-13T07:34:18Z"
    },
    "4422c086599bef4d5b93fe1cd8229fe5": {
        "md5": "4422c086599bef4d5b93fe1cd8229fe5",
        "text": "Hitman_",
        "timestamp": "2020-01-13T07:34:18Z"
    },
    "a2bcf28ebbf5bfe9dc11ceb4a4740d30": {
        "md5": "a2bcf28ebbf5bfe9dc11ceb4a4740d30",
        "text": "Your name?",
        "timestamp": "2020-01-13T07:34:18Z"
    },
    "8c2b9abe1744a8dd52f9b1d1fb64deb7": {
        "md5": "8c2b9abe1744a8dd52f9b1d1fb64deb7",
        "text": "It's me, your friend Hitman.",
        "timestamp": "2020-01-13T07:34:20Z"
    },
    "3f665df602528ab18d1d97ad35566f6d": {
        "md5": "3f665df602528ab18d1d97ad35566f6d",
        "text": "Remember? We travel in space together, with Baby Hitler!",
        "timestamp": "2020-01-13T07:34:24Z"
    },
    "365b5fd74f984e82430c6747f33b4074": {
        "md5": "365b5fd74f984e82430c6747f33b4074",
        "text": "I been in few paralol universe. I canot rememba evry face!",
        "timestamp": "2020-01-13T07:34:56Z"
    },
    "2730114a2b6d3714092be39d68a6f4fb": {
        "md5": "2730114a2b6d3714092be39d68a6f4fb",
        "text": "I should find something to help him rememba me.",
        "timestamp": "2020-01-13T07:35:02Z"
    },
    "3da7bcc09052539d677b34e7e7eef86f": {
        "md5": "3da7bcc09052539d677b34e7e7eef86f",
        "text": "Hey yeeh! I rememba you now!",
        "timestamp": "2020-01-13T07:35:19Z"
    },
    "e194259cd4cb9d0c1f103afed0d78c79": {
        "md5": "e194259cd4cb9d0c1f103afed0d78c79",
        "text": "You da time travlar from da future!",
        "timestamp": "2020-01-13T07:35:23Z"
    },
    "51f1dce23843f838ed5b3bb514b14e5f": {
        "md5": "51f1dce23843f838ed5b3bb514b14e5f",
        "text": "You diden know wat to do, so I save yo ass by taking you on my saucer.",
        "timestamp": "2020-01-13T07:35:27Z"
    },
    "de3c9499a93ab004de3125773544c467": {
        "md5": "de3c9499a93ab004de3125773544c467",
        "text": "And we kidnap baby hitler. Hahaha! So funney!",
        "timestamp": "2020-01-13T07:35:34Z"
    },
    "b7effb76f2479b41562523625192e48c": {
        "md5": "b7effb76f2479b41562523625192e48c",
        "text": "So you rememba me! That's great!",
        "timestamp": "2020-01-13T07:35:39Z"
    },
    "15fefee94f8a1f273a2df8771050711e": {
        "md5": "15fefee94f8a1f273a2df8771050711e",
        "text": "Do you know what happened to the baby?",
        "timestamp": "2020-01-13T07:35:43Z"
    },
    "4d8cb4ae43df88b6cbeeb420b443b70e": {
        "md5": "4d8cb4ae43df88b6cbeeb420b443b70e",
        "text": "I dun remembah which planet we left him on.",
        "timestamp": "2020-01-13T07:35:47Z"
    },
    "958653558012be8e5cbd22c9986df1a1": {
        "md5": "958653558012be8e5cbd22c9986df1a1",
        "text": "I need to look for him.",
        "timestamp": "2020-01-13T07:35:52Z"
    },
    "cc688256d0dc6e3678fd7bc82441838d": {
        "md5": "cc688256d0dc6e3678fd7bc82441838d",
        "text": "Will you come with me? Let's escape from this prison together",
        "timestamp": "2020-01-13T07:35:55Z"
    },
    "9ac5a05ff646756ce85285f0032d63d2": {
        "md5": "9ac5a05ff646756ce85285f0032d63d2",
        "text": "and look for Baby Hitler.",
        "timestamp": "2020-01-13T07:36:04Z"
    },
    "5060b6b87a7820169d75d3f7714682d7": {
        "md5": "5060b6b87a7820169d75d3f7714682d7",
        "text": "Sure my man ",
        "timestamp": "2020-01-13T07:36:07Z"
    },
    "9f012bca2be174942880712b0fb6c52f": {
        "md5": "9f012bca2be174942880712b0fb6c52f",
        "text": "I be rite behind ya.",
        "timestamp": "2020-01-13T07:36:10Z"
    },
    "4342e87d606ed9bb9fbc399f6ef2c7de": {
        "md5": "4342e87d606ed9bb9fbc399f6ef2c7de",
        "text": "Yupa has joined me! Now I don't feel lonely anymore.",
        "timestamp": "2020-01-13T07:36:13Z"
    },
    "aa6ce4ae37e57332e84197b0a7b0ca50": {
        "md5": "aa6ce4ae37e57332e84197b0a7b0ca50",
        "text": "Hello Yupa",
        "timestamp": "2020-01-13T07:36:25Z"
    },
    "0b94b1c4ff930620c0929790b1c627a9": {
        "md5": "0b94b1c4ff930620c0929790b1c627a9",
        "text": "LATER",
        "timestamp": "2020-01-13T07:36:25Z"
    },
    "4a3c22e4dd3cffb42477cc77557d620a": {
        "md5": "4a3c22e4dd3cffb42477cc77557d620a",
        "text": "Whadz up?",
        "timestamp": "2020-01-13T07:36:29Z"
    },
    "1e7754a730cc0fa3f753574529d218fe": {
        "md5": "1e7754a730cc0fa3f753574529d218fe",
        "text": "Got superpowers?",
        "timestamp": "2020-01-13T07:36:31Z"
    },
    "d4b7ef7c9106f725b1b6182c912a43ad": {
        "md5": "d4b7ef7c9106f725b1b6182c912a43ad",
        "text": "What can I do?",
        "timestamp": "2020-01-13T07:36:31Z"
    },
    "fc02cf0e4bb539dab1778d756a427e9e": {
        "md5": "fc02cf0e4bb539dab1778d756a427e9e",
        "text": "So... do you have ... like",
        "timestamp": "2020-01-13T07:36:32Z"
    },
    "d005f9963d80bb3a5b5386ad8259e077": {
        "md5": "d005f9963d80bb3a5b5386ad8259e077",
        "text": "Alien super powers?",
        "timestamp": "2020-01-13T07:36:35Z"
    },
    "17e29ec8d86f0997ea034bb70fa54072": {
        "md5": "17e29ec8d86f0997ea034bb70fa54072",
        "text": "Supapawa? You mean stuf humanz cannut do?",
        "timestamp": "2020-01-13T07:36:35Z"
    },
    "9e6df41d0c248a67cc2f843fd1255aef": {
        "md5": "9e6df41d0c248a67cc2f843fd1255aef",
        "text": "Hum... Yupa can release smelly gas from my bott.",
        "timestamp": "2020-01-13T07:36:37Z"
    },
    "5655794159611b59a03784b64634927f": {
        "md5": "5655794159611b59a03784b64634927f",
        "text": "Also make a very loud noise when da happen.",
        "timestamp": "2020-01-13T07:36:39Z"
    },
    "530a3f7d29eb8a4bfbe0573c90366a0d": {
        "md5": "530a3f7d29eb8a4bfbe0573c90366a0d",
        "text": "No! Not that!",
        "timestamp": "2020-01-13T07:36:40Z"
    },
    "51165752aefe4962dd74ebcc955aa8f8": {
        "md5": "51165752aefe4962dd74ebcc955aa8f8",
        "text": "I mean... like super strength, super speed? Or flying?",
        "timestamp": "2020-01-13T07:36:41Z"
    },
    "e8d44ac6ae65af652481961e71cfeec2": {
        "md5": "e8d44ac6ae65af652481961e71cfeec2",
        "text": "Welll, I told yo I can travel to paralol uverse",
        "timestamp": "2020-01-13T07:36:43Z"
    },
    "19eca057accc3d5eec5a10bdf3a8c2de": {
        "md5": "19eca057accc3d5eec5a10bdf3a8c2de",
        "text": "Impressed!",
        "timestamp": "2020-01-13T07:36:44Z"
    },
    "d287ca0605d596ed08cec590e6eccb6e": {
        "md5": "d287ca0605d596ed08cec590e6eccb6e",
        "text": "Not impressed.",
        "timestamp": "2020-01-13T07:36:44Z"
    },
    "e7ee27024b61adea4eec547cfdf5cc50": {
        "md5": "e7ee27024b61adea4eec547cfdf5cc50",
        "text": "Amazing! tell me more!",
        "timestamp": "2020-01-13T07:36:47Z"
    },
    "da4e6af1b83c2326e375753b9e51e954": {
        "md5": "da4e6af1b83c2326e375753b9e51e954",
        "text": "In paralol uverse, I had a big famly.",
        "timestamp": "2020-01-13T07:36:48Z"
    },
    "8c77f5afb21f5c52e1f249668fc776f4": {
        "md5": "8c77f5afb21f5c52e1f249668fc776f4",
        "text": "Mi, mi wife, mi husban, and tree kidz",
        "timestamp": "2020-01-13T07:36:50Z"
    },
    "1ee2ae6582c07d5d011faccb2a6e1cf2": {
        "md5": "1ee2ae6582c07d5d011faccb2a6e1cf2",
        "text": "We was goin on an advanture...",
        "timestamp": "2020-01-13T07:36:51Z"
    },
    "3505b480c6e2246867f25c95e06ffd2f": {
        "md5": "3505b480c6e2246867f25c95e06ffd2f",
        "text": "Ok ok, I got it.",
        "timestamp": "2020-01-13T07:36:53Z"
    },
    "f489b03e31ca2ddb678c789ebc7bf233": {
        "md5": "f489b03e31ca2ddb678c789ebc7bf233",
        "text": "So you don't have any useful superpawa?",
        "timestamp": "2020-01-13T07:36:54Z"
    },
    "51ea7ff3abb52065b7341dfdb847c18a": {
        "md5": "51ea7ff3abb52065b7341dfdb847c18a",
        "text": "Hum.. Yupa can shapeshit.",
        "timestamp": "2020-01-13T07:36:55Z"
    },
    "cbc7116c64070b8a10f5d15a7b68c29a": {
        "md5": "cbc7116c64070b8a10f5d15a7b68c29a",
        "text": "No kiddin!",
        "timestamp": "2020-01-13T07:36:57Z"
    },
    "adb6abefd77ac5ae20549b0e17b02529": {
        "md5": "adb6abefd77ac5ae20549b0e17b02529",
        "text": "No shit!",
        "timestamp": "2020-01-13T07:36:57Z"
    },
    "74d2c0a41e074f9cebe49324d5b47414": {
        "md5": "74d2c0a41e074f9cebe49324d5b47414",
        "text": "No way!",
        "timestamp": "2020-01-13T07:36:57Z"
    },
    "b5812f4cd283109ba6cff1cda8a62116": {
        "md5": "b5812f4cd283109ba6cff1cda8a62116",
        "text": "That's awesome! So maybe you can transform into a big scary dragon?",
        "timestamp": "2020-01-13T07:36:59Z"
    },
    "42254e817c1722ca8ad89f1e29d78451": {
        "md5": "42254e817c1722ca8ad89f1e29d78451",
        "text": "Oh no, not dat!",
        "timestamp": "2020-01-13T07:37:01Z"
    },
    "90d3f1bcb14454133ac5431ce9d7c2a3": {
        "md5": "90d3f1bcb14454133ac5431ce9d7c2a3",
        "text": "Yupa can liquify and turn into very dense goo.",
        "timestamp": "2020-01-13T07:37:02Z"
    },
    "94af7d4d5a12a1f80268b3f547ca6a6a": {
        "md5": "94af7d4d5a12a1f80268b3f547ca6a6a",
        "text": "Erghh... not sure how I'd feel about that.",
        "timestamp": "2020-01-13T07:37:04Z"
    },
    "7243fbc30137559c7831aa280248d90f": {
        "md5": "7243fbc30137559c7831aa280248d90f",
        "text": "I feel greyt!",
        "timestamp": "2020-01-13T07:37:06Z"
    },
    "bc316a6ea2f9ead71433c835913e8a3a": {
        "md5": "bc316a6ea2f9ead71433c835913e8a3a",
        "text": "About Shapeshit",
        "timestamp": "2020-01-13T07:37:12Z"
    },
    "844de9795827b0422bb3b7c635a81920": {
        "md5": "844de9795827b0422bb3b7c635a81920",
        "text": "So About your supapawa,",
        "timestamp": "2020-01-13T07:37:14Z"
    },
    "bbcc81d8592273d143266df01c850a5f": {
        "md5": "bbcc81d8592273d143266df01c850a5f",
        "text": "the one that lets you turn into dense goo ...",
        "timestamp": "2020-01-13T07:37:17Z"
    },
    "045ee64693629a98eb4106b360589f82": {
        "md5": "045ee64693629a98eb4106b360589f82",
        "text": "It might come handy to sneak underneat doors and stuff.",
        "timestamp": "2020-01-13T07:37:22Z"
    },
    "5cbae63c8100836306203eca72b4bf78": {
        "md5": "5cbae63c8100836306203eca72b4bf78",
        "text": "Not rally. It's not like a can move when in liquid form.",
        "timestamp": "2020-01-13T07:37:28Z"
    },
    "570e28391ae1b71da1e0a5b7da4b1614": {
        "md5": "570e28391ae1b71da1e0a5b7da4b1614",
        "text": "I can only tune bak to miself.",
        "timestamp": "2020-01-13T07:37:34Z"
    },
    "cb4f931d88d6e8e3b370964b850135c0": {
        "md5": "cb4f931d88d6e8e3b370964b850135c0",
        "text": "How dense?",
        "timestamp": "2020-01-13T07:37:37Z"
    }
}