{
    "d41d8cd98f00b204e9800998ecf8427e": {
        "md5": "d41d8cd98f00b204e9800998ecf8427e",
        "text": ""
    },
    "f93a669534d6577aadef2bb5ddb609a2": {
        "md5": "f93a669534d6577aadef2bb5ddb609a2",
        "text": "    asteroid field"
    },
    "a983809b9020f361c50425ef4a64434f": {
        "md5": "a983809b9020f361c50425ef4a64434f",
        "text": "    is 3721 to 1\u201d"
    },
    "5dd0d6cab53a5e2e8d6655772fb824e8": {
        "md5": "5dd0d6cab53a5e2e8d6655772fb824e8",
        "text": "    navigating an"
    },
    "edc1e0909b6c16c98cb546059c896cbe": {
        "md5": "edc1e0909b6c16c98cb546059c896cbe",
        "text": "    \u201cThe odds of"
    },
    "64acbdcd042b407156de25f7effe035b": {
        "md5": "64acbdcd042b407156de25f7effe035b",
        "text": " sec"
    },
    "a6a07a562e91ace7ac5eb936d7d880c1": {
        "md5": "a6a07a562e91ace7ac5eb936d7d880c1",
        "text": "#LOWREZJAM"
    },
    "c0cb5f0fcf239ab3d9c1fcd31fff1efc": {
        "md5": "c0cb5f0fcf239ab3d9c1fcd31fff1efc",
        "text": ","
    },
    "5058f1af8388633f609cadb75a75dc9d": {
        "md5": "5058f1af8388633f609cadb75a75dc9d",
        "text": "."
    },
    "58b9e70b65a77700ba66e9c64d6b9f89": {
        "md5": "58b9e70b65a77700ba66e9c64d6b9f89",
        "text": ".."
    },
    "2f43b42fd833d1e77420a8dae7419000": {
        "md5": "2f43b42fd833d1e77420a8dae7419000",
        "text": "..."
    },
    "648c81b9227eb55a21e28c73db10dfcd": {
        "md5": "648c81b9227eb55a21e28c73db10dfcd",
        "text": "2019 in"
    },
    "53175e4cc42bc556fc92a8fd8c3e2680": {
        "md5": "53175e4cc42bc556fc92a8fd8c3e2680",
        "text": "About this game"
    },
    "ed411044bec729e7549f48a1d571cb44": {
        "md5": "ed411044bec729e7549f48a1d571cb44",
        "text": "Adolf Hitler."
    },
    "6716ee4ad8b40a7b9de5d7454b5128c8": {
        "md5": "6716ee4ad8b40a7b9de5d7454b5128c8",
        "text": "And my body is filled with bruises..."
    },
    "56a0b9c41a4b5035433c31127e0cede8": {
        "md5": "56a0b9c41a4b5035433c31127e0cede8",
        "text": "Damnit Yupa! While you were dozing off, we just passed through\nan asteroid field!"
    },
    "6563adab71bd3b18c76d2e512a7eea4d": {
        "md5": "6563adab71bd3b18c76d2e512a7eea4d",
        "text": "Damnit Yupa! While you were dozing off, we just passed through an asteroid field!"
    },
    "15bc53c216e7645dcc1a7ae037faa9d8": {
        "md5": "15bc53c216e7645dcc1a7ae037faa9d8",
        "text": "Don't worry."
    },
    "bc6822a84a3dc9806f12957d2afc5d1a": {
        "md5": "bc6822a84a3dc9806f12957d2afc5d1a",
        "text": "GAME OVER"
    },
    "8b1a9953c4611296a827abf8c47804d7": {
        "md5": "8b1a9953c4611296a827abf8c47804d7",
        "text": "Hello"
    },
    "47b93d0db0931e630b2bf1ff3409be43": {
        "md5": "47b93d0db0931e630b2bf1ff3409be43",
        "text": "Hey Yupa, did you see that?"
    },
    "34787035b397cf91a6d4eb446a3fc49b": {
        "md5": "34787035b397cf91a6d4eb446a3fc49b",
        "text": "Hey gud moaning? Wad happened?"
    },
    "ebeb28ffca05512b908a8c0bd0c9bf6c": {
        "md5": "ebeb28ffca05512b908a8c0bd0c9bf6c",
        "text": "Hey next tam dhere prablem,"
    },
    "09d6630f15ebed1a68325026bef45812": {
        "md5": "09d6630f15ebed1a68325026bef45812",
        "text": "However,"
    },
    "e43f07f9a94ce85ee10f4d963622f989": {
        "md5": "e43f07f9a94ce85ee10f4d963622f989",
        "text": "I can't pick the lock with a "
    },
    "822a7e3fedfcadfb7f90324419a260c3": {
        "md5": "822a7e3fedfcadfb7f90324419a260c3",
        "text": "I failed"
    },
    "c46d08ad9b6623fde2ce51ff04837f61": {
        "md5": "c46d08ad9b6623fde2ce51ff04837f61",
        "text": "I remember."
    },
    "caa160e2155b6093284e3d3d70279841": {
        "md5": "caa160e2155b6093284e3d3d70279841",
        "text": "I was not"
    },
    "0c7d1097742d15cc6dfd787bee670f90": {
        "md5": "0c7d1097742d15cc6dfd787bee670f90",
        "text": "I was sent"
    },
    "c68f6722a6d135b2a2fa2608c4f7842f": {
        "md5": "c68f6722a6d135b2a2fa2608c4f7842f",
        "text": "I was to"
    },
    "2ca8d70baf21b18878843c02a086e46c": {
        "md5": "2ca8d70baf21b18878843c02a086e46c",
        "text": "In "
    },
    "5aa8c1c1a34504833d9a6d8df2560762": {
        "md5": "5aa8c1c1a34504833d9a6d8df2560762",
        "text": "It's empty."
    },
    "e0f9ef6d3025baf33497bafcca7ff781": {
        "md5": "e0f9ef6d3025baf33497bafcca7ff781",
        "text": "LEAVE"
    },
    "4994a8ffeba4ac3140beb89e8d41f174": {
        "md5": "4994a8ffeba4ac3140beb89e8d41f174",
        "text": "Language"
    },
    "16bfbf9c462762cf1cba4134ec53c504": {
        "md5": "16bfbf9c462762cf1cba4134ec53c504",
        "text": "Loading"
    },
    "75f99464037186cd5506c6405dad801b": {
        "md5": "75f99464037186cd5506c6405dad801b",
        "text": "My brain... it hurts..."
    },
    "88559a0cfd8250c9d65970cc145c92d4": {
        "md5": "88559a0cfd8250c9d65970cc145c92d4",
        "text": "OFF"
    },
    "90651ebea9a35ec4e018c8157492e17c": {
        "md5": "90651ebea9a35ec4e018c8157492e17c",
        "text": "ON"
    },
    "6345a61cf1b0933f5659e540bceb9a43": {
        "md5": "6345a61cf1b0933f5659e540bceb9a43",
        "text": "Option not yet available"
    },
    "aabc7d8cfc80e561c0d8779b6bafc46e": {
        "md5": "aabc7d8cfc80e561c0d8779b6bafc46e",
        "text": "Retro mode "
    },
    "52ae6d688390fcf301b795bd61d853d8": {
        "md5": "52ae6d688390fcf301b795bd61d853d8",
        "text": "September, then"
    },
    "5cfe614e5c396bb200c83823ef3948f0": {
        "md5": "5cfe614e5c396bb200c83823ef3948f0",
        "text": "Sound "
    },
    "c9aeb81a741f599e701d0ef27bf9381e": {
        "md5": "c9aeb81a741f599e701d0ef27bf9381e",
        "text": "That is the"
    },
    "797d5e4fc29677594bbc843c096073f6": {
        "md5": "797d5e4fc29677594bbc843c096073f6",
        "text": "The first part"
    },
    "99533cfb293594ce16355fa9ed39b664": {
        "md5": "99533cfb293594ce16355fa9ed39b664",
        "text": "There is one"
    },
    "35d69996041584120d9deb9126e40224": {
        "md5": "35d69996041584120d9deb9126e40224",
        "text": "There must be a way to bust this lock, when noone's watching..."
    },
    "2123e1cfd6082543fa244ec5f36536e6": {
        "md5": "2123e1cfd6082543fa244ec5f36536e6",
        "text": "This game is"
    },
    "8a21a15fad560b799f6731d436c1b698": {
        "md5": "8a21a15fad560b799f6731d436c1b698",
        "text": "This is a"
    },
    "4b01801f668b41022b6499bbaa413809": {
        "md5": "4b01801f668b41022b6499bbaa413809",
        "text": "Together,"
    },
    "42d44754b6915783b9a9431102ba4a43": {
        "md5": "42d44754b6915783b9a9431102ba4a43",
        "text": "Use your wits"
    },
    "f336cee1c2b5a59e3b24f9309afc305b": {
        "md5": "f336cee1c2b5a59e3b24f9309afc305b",
        "text": "We just barely avoided collision with a giant asteroid."
    },
    "dba358d690591ee664591135868e0d5d": {
        "md5": "dba358d690591ee664591135868e0d5d",
        "text": "We travelled"
    },
    "28240f491460854fe0a265868a00da27": {
        "md5": "28240f491460854fe0a265868a00da27",
        "text": "We will take care of you,\nBaby Hitler."
    },
    "3f0dc8030c3fc1c92c5af745e233be6c": {
        "md5": "3f0dc8030c3fc1c92c5af745e233be6c",
        "text": "What happened? I don't\nremember\nanything."
    },
    "8b9a425b6d1299d884639d2b3085f749": {
        "md5": "8b9a425b6d1299d884639d2b3085f749",
        "text": "What?!! You're kidding me!"
    },
    "f9782e2ed8a9f9455b3af8010b2e9158": {
        "md5": "f9782e2ed8a9f9455b3af8010b2e9158",
        "text": "Where am I?"
    },
    "3b67a67549f3e747d3f0b5e496f2f686": {
        "md5": "3b67a67549f3e747d3f0b5e496f2f686",
        "text": "Why not let Alectra do it? She can dodge asteroids, it's pieca cake!"
    },
    "f46526e4689ebe4d8f1445c6ed9600bf": {
        "md5": "f46526e4689ebe4d8f1445c6ed9600bf",
        "text": "YUPAAA!"
    },
    "8b454043e583fae1a51db35ae3692ab7": {
        "md5": "8b454043e583fae1a51db35ae3692ab7",
        "text": "Ya were drivin da ship?"
    },
    "8613bbfb34d7ef30642448f6f47bc37f": {
        "md5": "8613bbfb34d7ef30642448f6f47bc37f",
        "text": "You stay here!"
    },
    "064f92bddf2662d751f8b187d45edbaa": {
        "md5": "064f92bddf2662d751f8b187d45edbaa",
        "text": "Yupa! Yupa!"
    },
    "f8fb614b4db22d249464377e7b267a0f": {
        "md5": "f8fb614b4db22d249464377e7b267a0f",
        "text": "Yupa, I'm gonna kill you!"
    },
    "d8a5ec57df96102bf33df696ecdeea84": {
        "md5": "d8a5ec57df96102bf33df696ecdeea84",
        "text": "a game released"
    },
    "6e5aaf056ad5c459e66285fd9f1bba4c": {
        "md5": "6e5aaf056ad5c459e66285fd9f1bba4c",
        "text": "adventure. Use"
    },
    "3c5bf4e8ef6986d90b2c52e5f81f11dc": {
        "md5": "3c5bf4e8ef6986d90b2c52e5f81f11dc",
        "text": "an alien"
    },
    "bc1555edae166e864099e13d2b1a65c0": {
        "md5": "bc1555edae166e864099e13d2b1a65c0",
        "text": "and stats that"
    },
    "553ea08ef2d629798177f0fc9c3f5c59": {
        "md5": "553ea08ef2d629798177f0fc9c3f5c59",
        "text": "and stop"
    },
    "3909b1f2fd469400c9dc906446329012": {
        "md5": "3909b1f2fd469400c9dc906446329012",
        "text": "and took"
    },
    "5e08e76c66d9a478cf21e02b91ddf917": {
        "md5": "5e08e76c66d9a478cf21e02b91ddf917",
        "text": "appeared"
    },
    "1a3b120f0835b15f2920d8eea695500f": {
        "md5": "1a3b120f0835b15f2920d8eea695500f",
        "text": "asteroid field"
    },
    "4f7f4961ee5d918f680dedebcceee308": {
        "md5": "4f7f4961ee5d918f680dedebcceee308",
        "text": "asteroid field is 3721 to 1\u201d"
    },
    "dfb9214e0ccc7b4c24ea94b81aef5066": {
        "md5": "dfb9214e0ccc7b4c24ea94b81aef5066",
        "text": "baby named"
    },
    "2e1e054210228ec412627182ffe394b4": {
        "md5": "2e1e054210228ec412627182ffe394b4",
        "text": "by killing"
    },
    "2efe3aed41e21a3e762181ab986904c1": {
        "md5": "2efe3aed41e21a3e762181ab986904c1",
        "text": "capable of"
    },
    "d994ac4b133ecf56ebabec0a5f620f91": {
        "md5": "d994ac4b133ecf56ebabec0a5f620f91",
        "text": "dobuki studio game"
    },
    "f201b6f98105c6550e8bfffe0b521282": {
        "md5": "f201b6f98105c6550e8bfffe0b521282",
        "text": "dunt try be a heru! Just wak me up!"
    },
    "361fbdc892cc3335b40ff3fdef4029ff": {
        "md5": "361fbdc892cc3335b40ff3fdef4029ff",
        "text": "empty bottle"
    },
    "06620e1fd2cd4058154900e8a1710a74": {
        "md5": "06620e1fd2cd4058154900e8a1710a74",
        "text": "endings to unlock."
    },
    "1b435b62a7a16355b65f67c1fea7aba8": {
        "md5": "1b435b62a7a16355b65f67c1fea7aba8",
        "text": "ever since."
    },
    "d55669822f1a8cf72ec1911e462a54eb": {
        "md5": "d55669822f1a8cf72ec1911e462a54eb",
        "text": "for"
    },
    "8664dac57f082d199f9b53afde9c755a": {
        "md5": "8664dac57f082d199f9b53afde9c755a",
        "text": "have an inventory"
    },
    "52d8d6501a9f0441ce655007714ef51e": {
        "md5": "52d8d6501a9f0441ce655007714ef51e",
        "text": "him on a"
    },
    "451f04fc2ccef6f51c1ada8a728b14d3": {
        "md5": "451f04fc2ccef6f51c1ada8a728b14d3",
        "text": "in Jan 2019."
    },
    "44c34b7805354e591c100e3b6ff8b238": {
        "md5": "44c34b7805354e591c100e3b6ff8b238",
        "text": "in time to"
    },
    "10fc94c13f3398f52af9ad5933e5062f": {
        "md5": "10fc94c13f3398f52af9ad5933e5062f",
        "text": "interact with"
    },
    "4b5f67895b7b6dc73513f18765a7dbd2": {
        "md5": "4b5f67895b7b6dc73513f18765a7dbd2",
        "text": "is 3721 to 1\u201d"
    },
    "c6af029debb0b6b7bd39af4bfba764e2": {
        "md5": "c6af029debb0b6b7bd39af4bfba764e2",
        "text": "it was iterated"
    },
    "8108863406af242e456bd755ca9b58ea": {
        "md5": "8108863406af242e456bd755ca9b58ea",
        "text": "items and pick"
    },
    "b7fa20b03588266c360a5e7065cfc6c3": {
        "md5": "b7fa20b03588266c360a5e7065cfc6c3",
        "text": "last thing"
    },
    "1161660eca3c71192bf06ce694a5cbb3": {
        "md5": "1161660eca3c71192bf06ce694a5cbb3",
        "text": "main ending and"
    },
    "c92297f3cc7ecdc86218940178f4cd4a": {
        "md5": "c92297f3cc7ecdc86218940178f4cd4a",
        "text": "named Yupa,"
    },
    "b314c8dd75c8ccd293cad08a07c8859d": {
        "md5": "b314c8dd75c8ccd293cad08a07c8859d",
        "text": "navigating an"
    },
    "aef4ec110fd0b8477ce2818170d22409": {
        "md5": "aef4ec110fd0b8477ce2818170d22409",
        "text": "of this game"
    },
    "0a6c3ab67fc77f2e751fc3d467f39bb5": {
        "md5": "0a6c3ab67fc77f2e751fc3d467f39bb5",
        "text": "on a mission:"
    },
    "463d34fc8e4e07b63ccc2f31bdaffe3a": {
        "md5": "463d34fc8e4e07b63ccc2f31bdaffe3a",
        "text": "on."
    },
    "d609844dab949ddedbc7cf7ef22deb16": {
        "md5": "d609844dab949ddedbc7cf7ef22deb16",
        "text": "out of nowhere."
    },
    "7f8a824c57cd13604ba48b8986048802": {
        "md5": "7f8a824c57cd13604ba48b8986048802",
        "text": "point-and-click"
    },
    "7b49993fa97555a00841cc95bee6bf70": {
        "md5": "7b49993fa97555a00841cc95bee6bf70",
        "text": "shooting"
    },
    "b2dbd469e435d5d30442b98c8d3d8265": {
        "md5": "b2dbd469e435d5d30442b98c8d3d8265",
        "text": "spaceship."
    },
    "b5e3d176291588d205b4969a30516246": {
        "md5": "b5e3d176291588d205b4969a30516246",
        "text": "start over"
    },
    "9b538098f91b37f65596715915fec606": {
        "md5": "9b538098f91b37f65596715915fec606",
        "text": "the baby."
    },
    "fc26fc476eebd52e8a93b49fe5ed9f97": {
        "md5": "fc26fc476eebd52e8a93b49fe5ed9f97",
        "text": "the cursor to"
    },
    "61a68d9d3ec397a18b723acfef91752d": {
        "md5": "61a68d9d3ec397a18b723acfef91752d",
        "text": "the holocaust"
    },
    "fbd641025fbed7027a82bf26290c1f56": {
        "md5": "fbd641025fbed7027a82bf26290c1f56",
        "text": "the mission."
    },
    "48ab603051c1f85fa849817f0a179961": {
        "md5": "48ab603051c1f85fa849817f0a179961",
        "text": "the newborn"
    },
    "68baf841f21747e5729364b2665305c3": {
        "md5": "68baf841f21747e5729364b2665305c3",
        "text": "the sequel to"
    },
    "2f02711df2963282730338e8a415db6b": {
        "md5": "2f02711df2963282730338e8a415db6b",
        "text": "the universe"
    },
    "fd3e1377b5f494c2cafbcf8eec29b533": {
        "md5": "fd3e1377b5f494c2cafbcf8eec29b533",
        "text": "them up. You"
    },
    "8eeeb7dc3eb21aeea9167c9ce43372c3": {
        "md5": "8eeeb7dc3eb21aeea9167c9ce43372c3",
        "text": "three alternate"
    },
    "feb5a739d6fd794ecaf6890aa1548d19": {
        "md5": "feb5a739d6fd794ecaf6890aa1548d19",
        "text": "to solve puzzles."
    },
    "d2fc0559021667f7bd93e62203c87e7c": {
        "md5": "d2fc0559021667f7bd93e62203c87e7c",
        "text": "travel back"
    },
    "fd5770e19b0deb705ca98efcfc3b2045": {
        "md5": "fd5770e19b0deb705ca98efcfc3b2045",
        "text": "try again"
    },
    "07379d4188dca4a8a7762563a67ccaf0": {
        "md5": "07379d4188dca4a8a7762563a67ccaf0",
        "text": "was released"
    },
    "cb8434e5caea2a2654c9de4bda34fb75": {
        "md5": "cb8434e5caea2a2654c9de4bda34fb75",
        "text": "we kidnapped"
    },
    "467e7a3d1a2773dc2e629739e74abc71": {
        "md5": "467e7a3d1a2773dc2e629739e74abc71",
        "text": "you can increase."
    },
    "c0e35210920e89d5525437869a0e288d": {
        "md5": "c0e35210920e89d5525437869a0e288d",
        "text": "\u201cKill Baby Hitler\u201d"
    },
    "0230ac61e25b791602eed7b33257315f": {
        "md5": "0230ac61e25b791602eed7b33257315f",
        "text": "\u201cThe odds of"
    },
    "156fd933ac59fc21c82c1fcd27832044": {
        "md5": "156fd933ac59fc21c82c1fcd27832044",
        "text": "\u201cThe odds of navigating an"
    },
    "6246a174dc1639948a14132a03ab6ed4": {
        "md5": "6246a174dc1639948a14132a03ab6ed4",
        "text": "I bet that's Dick Ruber's table.",
        "timestamp": "2020-01-09T02:29:59Z"
    },
    "a8634081ea41bfa809a86b9ee06a4ff8": {
        "md5": "a8634081ea41bfa809a86b9ee06a4ff8",
        "text": "You're blocking my light.",
        "timestamp": "2020-01-09T03:06:41Z"
    },
    "92b4257942a8b8c2b03bcd929c9ff01c": {
        "md5": "92b4257942a8b8c2b03bcd929c9ff01c",
        "text": "Are you game?",
        "timestamp": "2020-01-09T03:06:44Z"
    },
    "140208bb60fc3f70eabd068701030425": {
        "md5": "140208bb60fc3f70eabd068701030425",
        "text": "Sorry",
        "timestamp": "2020-01-09T03:06:44Z"
    },
    "a2193c82a3b482cfffa055832fc99cfe": {
        "md5": "a2193c82a3b482cfffa055832fc99cfe",
        "text": "We need to talk",
        "timestamp": "2020-01-09T03:06:44Z"
    },
    "b1a3e57c550c0c84efd1395de6d8f690": {
        "md5": "b1a3e57c550c0c84efd1395de6d8f690",
        "text": "I challenge you to a card game.",
        "timestamp": "2020-01-09T03:07:34Z"
    },
    "26b58f2bcab49925583ce4d2ea445002": {
        "md5": "26b58f2bcab49925583ce4d2ea445002",
        "text": "Are you man enough to face me?",
        "timestamp": "2020-01-09T03:07:43Z"
    },
    "d78eafc34e8c92a224f1fa11890b3f2c": {
        "md5": "d78eafc34e8c92a224f1fa11890b3f2c",
        "text": "Jack Le Hamster",
        "timestamp": "2020-01-09T03:08:35Z"
    },
    "d10dd520737d3bd14019133ab6e5f544": {
        "md5": "d10dd520737d3bd14019133ab6e5f544",
        "text": "Where in Space",
        "timestamp": "2020-01-09T03:08:35Z"
    },
    "e1c718767e78f8a5fd359aefb6d92cf8": {
        "md5": "e1c718767e78f8a5fd359aefb6d92cf8",
        "text": "a game by",
        "timestamp": "2020-01-09T03:08:35Z"
    },
    "653d14937ef87248c0368487ac0035d0": {
        "md5": "653d14937ef87248c0368487ac0035d0",
        "text": "is Baby Hitler?",
        "timestamp": "2020-01-09T03:08:35Z"
    },
    "f19dbf2edb3a0bd74b0524d960ff21eb": {
        "md5": "f19dbf2edb3a0bd74b0524d960ff21eb",
        "text": "Load",
        "timestamp": "2020-01-09T03:09:54Z"
    },
    "620fa59a2936b6e685cfb489591cb20e": {
        "md5": "620fa59a2936b6e685cfb489591cb20e",
        "text": "New Game",
        "timestamp": "2020-01-09T03:09:54Z"
    },
    "dae8ace18bdcbcc6ae5aece263e14fe8": {
        "md5": "dae8ace18bdcbcc6ae5aece263e14fe8",
        "text": "Options",
        "timestamp": "2020-01-09T03:09:54Z"
    },
    "0557fa923dcee4d0f86b1409f5c2167f": {
        "md5": "0557fa923dcee4d0f86b1409f5c2167f",
        "text": "Back",
        "timestamp": "2020-01-09T03:11:26Z"
    },
    "33c14135673d4aee12da6e12f1d35ce8": {
        "md5": "33c14135673d4aee12da6e12f1d35ce8",
        "text": "But if the stakes are high.",
        "timestamp": "2020-01-09T03:16:42Z"
    },
    "b52eb6354e4bb9f9d202a4461cfb36ab": {
        "md5": "b52eb6354e4bb9f9d202a4461cfb36ab",
        "text": "I'd like to talk to you",
        "timestamp": "2020-01-09T03:17:15Z"
    },
    "a23025d58411bd12b7205c6002b32b3f": {
        "md5": "a23025d58411bd12b7205c6002b32b3f",
        "text": "Can't you see I'm busy?",
        "timestamp": "2020-01-09T03:17:19Z"
    },
    "c47f41bec5d3c9ce6793108ea4a593c1": {
        "md5": "c47f41bec5d3c9ce6793108ea4a593c1",
        "text": "Get lost.",
        "timestamp": "2020-01-09T03:17:24Z"
    },
    "1009d8ba842862caf922aca0607d1498": {
        "md5": "1009d8ba842862caf922aca0607d1498",
        "text": "I don't waste my time with\nmicrobes like you.",
        "timestamp": "2020-01-09T03:17:38Z"
    },
    "8ae04ff5c70ad150524e6a19d7580808": {
        "md5": "8ae04ff5c70ad150524e6a19d7580808",
        "text": "Perhaps I could be interested.",
        "timestamp": "2020-01-09T03:17:47Z"
    },
    "a12c8d578e79325d9315e6a2b4c2bb0d": {
        "md5": "a12c8d578e79325d9315e6a2b4c2bb0d",
        "text": "Baby Hitler",
        "timestamp": "2020-01-09T03:17:50Z"
    },
    "17f956b3682068879cc1aec7576f0874": {
        "md5": "17f956b3682068879cc1aec7576f0874",
        "text": "Nevermind",
        "timestamp": "2020-01-09T03:17:50Z"
    },
    "7864f6d9b0afa01330a551d16374a9d4": {
        "md5": "7864f6d9b0afa01330a551d16374a9d4",
        "text": "Practice game",
        "timestamp": "2020-01-09T03:17:50Z"
    },
    "c4c4add42dc3b8932e8bc7ef9fcfcb58": {
        "md5": "c4c4add42dc3b8932e8bc7ef9fcfcb58",
        "text": "I know you are holding Baby Hitler.",
        "timestamp": "2020-01-09T03:17:52Z"
    },
    "0e964ac598fa2803fcaf06035c3f5cda": {
        "md5": "0e964ac598fa2803fcaf06035c3f5cda",
        "text": "If I win the game, you let the kid go.",
        "timestamp": "2020-01-09T03:17:56Z"
    },
    "44c0e925829258211d1991db69aa5689": {
        "md5": "44c0e925829258211d1991db69aa5689",
        "text": "You're doing all this...",
        "timestamp": "2020-01-09T03:18:01Z"
    },
    "c08e16afdc77cbdfb0c7669c15bff231": {
        "md5": "c08e16afdc77cbdfb0c7669c15bff231",
        "text": "for Baby Hitler?!",
        "timestamp": "2020-01-09T03:18:04Z"
    },
    "bafd7322c6e97d25b6299b5d6fe8920b": {
        "md5": "bafd7322c6e97d25b6299b5d6fe8920b",
        "text": "No",
        "timestamp": "2020-01-09T03:18:11Z"
    },
    "93cba07454f06a4a960172bbd6e2a435": {
        "md5": "93cba07454f06a4a960172bbd6e2a435",
        "text": "Yes",
        "timestamp": "2020-01-09T03:18:11Z"
    },
    "bd58ac17c6cfe8b0c93608ec4d64274a": {
        "md5": "bd58ac17c6cfe8b0c93608ec4d64274a",
        "text": "That's right!",
        "timestamp": "2020-01-09T03:18:13Z"
    },
    "a7f3d1319e8d4de373d91c20bfa706ee": {
        "md5": "a7f3d1319e8d4de373d91c20bfa706ee",
        "text": "I'm doing this for Baby Hitler!",
        "timestamp": "2020-01-09T03:18:15Z"
    },
    "6368eeb98a830d1bd65c542b14a4f568": {
        "md5": "6368eeb98a830d1bd65c542b14a4f568",
        "text": "What are you waiting for kid!",
        "timestamp": "2020-01-09T03:18:24Z"
    },
    "541dad0d029850ed9e68fe9e871aa764": {
        "md5": "541dad0d029850ed9e68fe9e871aa764",
        "text": "Go grab me a beer, right now!",
        "timestamp": "2020-01-09T03:18:28Z"
    },
    "a3071f2d3d1a190e17618ff156481b13": {
        "md5": "a3071f2d3d1a190e17618ff156481b13",
        "text": "And if you spill a drop like last time, I'll kick you in the nutz!",
        "timestamp": "2020-01-09T03:18:31Z"
    },
    "4e470536aa494955792e8e5af72efa94": {
        "md5": "4e470536aa494955792e8e5af72efa94",
        "text": "Yes, boss!",
        "timestamp": "2020-01-09T03:18:38Z"
    },
    "237b480101d6308fb9f8658189039cbb": {
        "md5": "237b480101d6308fb9f8658189039cbb",
        "text": "Right away boss!",
        "timestamp": "2020-01-09T03:18:40Z"
    },
    "3c1698b50cd891b75d64953ccc678351": {
        "md5": "3c1698b50cd891b75d64953ccc678351",
        "text": "I like to have a drink when I play someone.",
        "timestamp": "2020-01-09T03:18:43Z"
    },
    "16ee6861c3eb8880bd256f07284f5e19": {
        "md5": "16ee6861c3eb8880bd256f07284f5e19",
        "text": "It means you accept my\nchallenge.",
        "timestamp": "2020-01-09T03:18:48Z"
    },
    "6b8e8db14c5bed2503a165347728e811": {
        "md5": "6b8e8db14c5bed2503a165347728e811",
        "text": "You're going to play cards with me!",
        "timestamp": "2020-01-09T03:18:52Z"
    },
    "261cce6d7ca081ed9eb95327937c9f32": {
        "md5": "261cce6d7ca081ed9eb95327937c9f32",
        "text": "Well that depends...",
        "timestamp": "2020-01-09T03:18:56Z"
    },
    "aa7ea304b0cde20241975fdd3f7df941": {
        "md5": "aa7ea304b0cde20241975fdd3f7df941",
        "text": "If you win, you can take your boy, or whoever you want...",
        "timestamp": "2020-01-09T03:18:59Z"
    },
    "14b3e8b7e065540e79c88fe56ca5e068": {
        "md5": "14b3e8b7e065540e79c88fe56ca5e068",
        "text": "Now if I win,",
        "timestamp": "2020-01-09T03:19:05Z"
    },
    "4763a4997eacea897e5ed623c328fce1": {
        "md5": "4763a4997eacea897e5ed623c328fce1",
        "text": "I get to take your life!",
        "timestamp": "2020-01-09T03:19:07Z"
    },
    "280606a129d5fbb2963f6713c7830739": {
        "md5": "280606a129d5fbb2963f6713c7830739",
        "text": "Do we have a deal?",
        "timestamp": "2020-01-09T03:19:10Z"
    },
    "1d270da400f5a940d2b4f6aeeaf9d39f": {
        "md5": "1d270da400f5a940d2b4f6aeeaf9d39f",
        "text": "Deal!",
        "timestamp": "2020-01-09T03:19:13Z"
    },
    "f862640fb79fe85573bbb00873ec0802": {
        "md5": "f862640fb79fe85573bbb00873ec0802",
        "text": "I gotta pee",
        "timestamp": "2020-01-09T03:19:13Z"
    },
    "e004ba77522d640e0aba4a82c8415600": {
        "md5": "e004ba77522d640e0aba4a82c8415600",
        "text": "No deal!",
        "timestamp": "2020-01-09T03:19:13Z"
    },
    "d063275c71c5f8bf92cca23e3c1565a0": {
        "md5": "d063275c71c5f8bf92cca23e3c1565a0",
        "text": "Alright let's begin...",
        "timestamp": "2020-01-09T03:19:24Z"
    },
    "fc85ca6764152c33d14c3e1ff1097a2c": {
        "md5": "fc85ca6764152c33d14c3e1ff1097a2c",
        "text": "We are going to play one of my favorite card game",
        "timestamp": "2020-01-09T03:19:29Z"
    },
    "ab975a071be7e2f347d1f11c97ef8171": {
        "md5": "ab975a071be7e2f347d1f11c97ef8171",
        "text": "It is called ...",
        "timestamp": "2020-01-09T03:19:34Z"
    },
    "b01489b20c7403e93a61cd3daca1bdb1": {
        "md5": "b01489b20c7403e93a61cd3daca1bdb1",
        "text": "WAR",
        "timestamp": "2020-01-09T03:19:37Z"
    },
    "8182483318de4fdbef7a981c90392835": {
        "md5": "8182483318de4fdbef7a981c90392835",
        "text": "This is how the game plays out.",
        "timestamp": "2020-01-09T03:19:39Z"
    },
    "017a9fccb6981cd180a3a6034c98c116": {
        "md5": "017a9fccb6981cd180a3a6034c98c116",
        "text": "You get a card, and I get a card.",
        "timestamp": "2020-01-09T03:19:42Z"
    },
    "e33b0612c7d9c0025f833502d337cfc7": {
        "md5": "e33b0612c7d9c0025f833502d337cfc7",
        "text": "The highest card wins!",
        "timestamp": "2020-01-09T03:19:46Z"
    },
    "41b79d45b1b151d14c7636090374e0fb": {
        "md5": "41b79d45b1b151d14c7636090374e0fb",
        "text": "And equal cards?",
        "timestamp": "2020-01-09T03:19:49Z"
    },
    "88d4a02fcf568e1e24130972a76f76fc": {
        "md5": "88d4a02fcf568e1e24130972a76f76fc",
        "text": "Let's play",
        "timestamp": "2020-01-09T03:19:49Z"
    },
    "137978b79ad7bc0a089863dedd6488e9": {
        "md5": "137978b79ad7bc0a089863dedd6488e9",
        "text": "That's it?",
        "timestamp": "2020-01-09T03:19:49Z"
    },
    "cc1657ab118da6109d72a1966ee6a52d": {
        "md5": "cc1657ab118da6109d72a1966ee6a52d",
        "text": "Why War?",
        "timestamp": "2020-01-09T03:19:49Z"
    },
    "20b9f322081cde1dff96290ca9ec3703": {
        "md5": "20b9f322081cde1dff96290ca9ec3703",
        "text": "That's it? We're playing War?",
        "timestamp": "2020-01-09T03:19:51Z"
    },
    "f0ac31b29c1f8680a8da6467af377e93": {
        "md5": "f0ac31b29c1f8680a8da6467af377e93",
        "text": "That's just a game of luck.",
        "timestamp": "2020-01-09T03:19:57Z"
    },
    "7aacee9d5483fd235d27982d162b69f1": {
        "md5": "7aacee9d5483fd235d27982d162b69f1",
        "text": "Are you having second thoughts now?",
        "timestamp": "2020-01-09T03:20:12Z"
    },
    "5140d8cc4a5cd9bc293a3e307a24a9cd": {
        "md5": "5140d8cc4a5cd9bc293a3e307a24a9cd",
        "text": "chicken ....",
        "timestamp": "2020-01-09T03:20:16Z"
    },
    "8cf326b7636b9d4b4c18ad3658562a9e": {
        "md5": "8cf326b7636b9d4b4c18ad3658562a9e",
        "text": "Let's go, I'm ready to play!",
        "timestamp": "2020-01-09T03:20:23Z"
    },
    "a903cc20f6975a9b110a8ee65409d7ce": {
        "md5": "a903cc20f6975a9b110a8ee65409d7ce",
        "text": "Ok, then. For fairness,",
        "timestamp": "2020-01-09T03:20:26Z"
    }
}